Record ID,Timestamp,Barometer
7022352,7/12/2022 8:00,30.018
7022353,7/12/2022 8:01,30.016
7022355,7/12/2022 8:02,30.016
7022356,7/12/2022 8:03,30.016
7022359,7/12/2022 8:04,30.019
7022360,7/12/2022 8:05,30.018
7022361,7/12/2022 8:06,30.017
7022362,7/12/2022 8:07,30.021
7022365,7/12/2022 8:08,30.017
7022368,7/12/2022 8:09,30.021
7022371,7/12/2022 8:10,30.019
7022374,7/12/2022 8:11,30.021
7022377,7/12/2022 8:12,30.021
7022380,7/12/2022 8:13,30.021
7022383,7/12/2022 8:14,30.021
7022386,7/12/2022 8:15,30.022
7022389,7/12/2022 8:17,30.022
7022392,7/12/2022 8:18,30.02
7022393,7/12/2022 8:19,30.02
7022395,7/12/2022 8:20,30.022
7022398,7/12/2022 8:21,30.023
7022400,7/12/2022 8:22,30.021
7022403,7/12/2022 8:23,30.024
7022406,7/12/2022 8:24,30.021
7022409,7/12/2022 8:25,30.025
7022412,7/12/2022 8:26,30.025
7022415,7/12/2022 8:27,30.025
7022416,7/12/2022 8:28,30.026
7022419,7/12/2022 8:29,30.027
7022421,7/12/2022 8:30,30.028
7022422,7/12/2022 8:31,30.028
7022425,7/12/2022 8:32,30.028
7022428,7/12/2022 8:33,30.027
7022429,7/12/2022 8:34,30.028
7022432,7/12/2022 8:35,30.029
7022433,7/12/2022 8:36,30.03
7022436,7/12/2022 8:37,30.03
7022438,7/12/2022 8:38,30.029
7022439,7/12/2022 8:39,30.032
7022441,7/12/2022 8:40,30.032
7022444,7/12/2022 8:41,30.032
7022447,7/12/2022 8:42,30.03
7022449,7/12/2022 8:43,30.031
7022452,7/12/2022 8:44,30.031
7022453,7/12/2022 8:49,30.031
7022456,7/12/2022 8:50,30.033
7022459,7/12/2022 8:51,30.034
7022461,7/12/2022 8:52,30.034
7022464,7/12/2022 8:53,30.034
7022465,7/12/2022 8:54,30.035
7022468,7/12/2022 8:55,30.035
7022471,7/12/2022 8:56,30.035
7022474,7/12/2022 8:57,30.037
7022476,7/12/2022 8:58,30.039
7022478,7/12/2022 8:59,30.036
7022480,7/12/2022 9:00,30.037
7022483,7/12/2022 9:01,30.039
7022484,7/12/2022 9:02,30.038
7022486,7/12/2022 9:03,30.038
7022488,7/12/2022 9:04,30.038
7022491,7/12/2022 9:05,30.04
7022494,7/12/2022 9:06,30.039
7022497,7/12/2022 9:07,30.04
7022500,7/12/2022 9:08,30.038
7022501,7/12/2022 9:09,30.038
7022503,7/12/2022 9:10,30.038
7022505,7/12/2022 9:11,30.039
7022506,7/12/2022 9:12,30.042
7022508,7/12/2022 9:13,30.042
7022509,7/12/2022 9:14,30.039
7022511,7/12/2022 9:15,30.042
7022513,7/12/2022 9:16,30.043
7022516,7/12/2022 9:17,30.039
7022519,7/12/2022 9:18,30.04
7022521,7/12/2022 9:19,30.041
7022523,7/12/2022 9:20,30.038
7022524,7/12/2022 9:21,30.04
7022527,7/12/2022 9:22,30.04
7022529,7/12/2022 9:23,30.037
7022531,7/12/2022 9:24,30.037
7022534,7/12/2022 9:25,30.036
7022535,7/12/2022 9:26,30.037
7022538,7/12/2022 9:27,30.037
7022539,7/12/2022 9:28,30.036
7022542,7/12/2022 9:29,30.035
7022544,7/12/2022 9:30,30.037
7022547,7/12/2022 9:31,30.038
7022550,7/12/2022 9:32,30.037
7022553,7/12/2022 9:33,30.038
7022555,7/12/2022 9:34,30.039
7022557,7/12/2022 9:35,30.036
7022559,7/12/2022 9:36,30.035
7022562,7/12/2022 9:37,30.034
7022564,7/12/2022 9:38,30.034
7022567,7/12/2022 9:39,30.035
7022569,7/12/2022 9:40,30.037
7022571,7/12/2022 9:41,30.037
7022572,7/12/2022 9:42,30.039
7022574,7/12/2022 9:43,30.036
7022576,7/12/2022 9:44,30.036
7022577,7/12/2022 9:49,30.039
7022580,7/12/2022 9:50,30.039
7022582,7/12/2022 9:51,30.039
7022584,7/12/2022 9:52,30.039
7022585,7/12/2022 9:53,30.04
7022588,7/12/2022 9:54,30.039
7022591,7/12/2022 9:55,30.041
7022592,7/12/2022 9:56,30.04
7022594,7/12/2022 9:57,30.041
7022596,7/12/2022 9:58,30.039
7022599,7/12/2022 9:59,30.041
7022602,7/12/2022 10:00,30.043
7022603,7/12/2022 10:01,30.042
7022604,7/12/2022 10:02,30.041
7022605,7/12/2022 10:03,30.039
7022607,7/12/2022 10:04,30.04
7022609,7/12/2022 10:05,30.039
7022611,7/12/2022 10:06,30.041
7022612,7/12/2022 10:07,30.039
7022614,7/12/2022 10:08,30.039
7022617,7/12/2022 10:09,30.041
7022619,7/12/2022 10:10,30.041
7022622,7/12/2022 10:11,30.039
7022623,7/12/2022 10:12,30.041
7022626,7/12/2022 10:13,30.041
7022628,7/12/2022 10:14,30.04
7022631,7/12/2022 10:15,30.04
7022634,7/12/2022 10:16,30.04
7022637,7/12/2022 10:17,30.041
7022639,7/12/2022 10:18,30.041
7022641,7/12/2022 10:19,30.041
7022644,7/12/2022 10:20,30.04
7022647,7/12/2022 10:21,30.041
7022648,7/12/2022 10:22,30.039
7022650,7/12/2022 10:23,30.039
7022653,7/12/2022 10:24,30.039
7022654,7/12/2022 10:25,30.041
7022657,7/12/2022 10:26,30.041
7022660,7/12/2022 10:27,30.037
7022663,7/12/2022 10:28,30.039
7022665,7/12/2022 10:29,30.038
7022667,7/12/2022 10:30,30.037
7022669,7/12/2022 10:31,30.039
7022672,7/12/2022 10:32,30.039
7022673,7/12/2022 10:33,30.036
7022676,7/12/2022 10:34,30.037
7022679,7/12/2022 10:35,30.037
7022682,7/12/2022 10:36,30.037
7022685,7/12/2022 10:37,30.037
7022687,7/12/2022 10:38,30.038
7022690,7/12/2022 10:39,30.037
7022691,7/12/2022 10:40,30.037
7022694,7/12/2022 10:41,30.034
7022696,7/12/2022 10:42,30.035
7022697,7/12/2022 10:43,30.037
7022699,7/12/2022 10:44,30.034
7022702,7/12/2022 10:50,30.034
7022704,7/12/2022 10:51,30.036
7022706,7/12/2022 10:52,30.034
7022708,7/12/2022 10:53,30.035
7022710,7/12/2022 10:54,30.033
7022713,7/12/2022 10:55,30.034
7022714,7/12/2022 10:56,30.031
7022716,7/12/2022 10:57,30.034
7022718,7/12/2022 10:58,30.032
7022720,7/12/2022 10:59,30.033
7022721,7/12/2022 11:00,30.033
7022722,7/12/2022 11:01,30.034
7022725,7/12/2022 11:02,30.033
7022726,7/12/2022 11:03,30.036
7022729,7/12/2022 11:04,30.032
7022732,7/12/2022 11:05,30.034
7022733,7/12/2022 11:06,30.032
7022735,7/12/2022 11:07,30.034
7022738,7/12/2022 11:08,30.033
7022741,7/12/2022 11:09,30.035
7022742,7/12/2022 11:10,30.034
7022744,7/12/2022 11:11,30.035
7022745,7/12/2022 11:12,30.035
7022746,7/12/2022 11:13,30.035
7022748,7/12/2022 11:14,30.035
7022750,7/12/2022 11:15,30.036
7022752,7/12/2022 11:16,30.033
7022755,7/12/2022 11:17,30.034
7022756,7/12/2022 11:18,30.032
7022758,7/12/2022 11:19,30.034
7022759,7/12/2022 11:20,30.034
7022760,7/12/2022 11:21,30.035
7022762,7/12/2022 11:22,30.034
7022765,7/12/2022 11:23,30.034
7022768,7/12/2022 11:24,30.032
7022769,7/12/2022 11:25,30.032
7022772,7/12/2022 11:26,30.033
7022775,7/12/2022 11:27,30.032
7022777,7/12/2022 11:28,30.031
7022778,7/12/2022 11:29,30.032
7022781,7/12/2022 11:30,30.032
7022784,7/12/2022 11:31,30.034
7022786,7/12/2022 11:32,30.034
7022787,7/12/2022 11:33,30.034
7022788,7/12/2022 11:34,30.034
7022790,7/12/2022 11:35,30.034
7022793,7/12/2022 11:36,30.033
7022796,7/12/2022 11:37,30.032
7022797,7/12/2022 11:38,30.033
7022799,7/12/2022 11:39,30.034
7022802,7/12/2022 11:40,30.033
7022804,7/12/2022 11:41,30.035
7022805,7/12/2022 11:42,30.035
7022807,7/12/2022 11:43,30.036
7022808,7/12/2022 11:44,30.035
7022810,7/12/2022 11:49,30.035
7022813,7/12/2022 11:50,30.036
7022816,7/12/2022 11:51,30.038
7022818,7/12/2022 11:52,30.035
7022821,7/12/2022 11:53,30.037
7022824,7/12/2022 11:54,30.038
7022827,7/12/2022 11:55,30.037
7022828,7/12/2022 11:56,30.037
7022831,7/12/2022 11:57,30.037
7022834,7/12/2022 11:58,30.037
7022836,7/12/2022 11:59,30.037
7022839,7/12/2022 12:00,30.038
7022841,7/12/2022 12:01,30.037
7022842,7/12/2022 12:02,30.036
7022845,7/12/2022 12:03,30.037
7022846,7/12/2022 12:04,30.036
7022847,7/12/2022 12:05,30.037
7022850,7/12/2022 12:06,30.038
7022851,7/12/2022 12:07,30.037
7022854,7/12/2022 12:08,30.041
7022855,7/12/2022 12:09,30.039
7022856,7/12/2022 12:10,30.038
7022857,7/12/2022 12:11,30.039
7022859,7/12/2022 12:12,30.041
7022861,7/12/2022 12:13,30.039
7022863,7/12/2022 12:14,30.037
7022865,7/12/2022 12:15,30.039
7022867,7/12/2022 12:16,30.039
7022870,7/12/2022 12:17,30.04
7022873,7/12/2022 12:18,30.04
7022876,7/12/2022 12:19,30.039
7022878,7/12/2022 12:20,30.04
7022880,7/12/2022 12:21,30.039
7022883,7/12/2022 12:22,30.04
7022886,7/12/2022 12:23,30.041
7022888,7/12/2022 12:24,30.039
7022891,7/12/2022 12:25,30.038
7022892,7/12/2022 12:26,30.038
7022895,7/12/2022 12:27,30.038
7022896,7/12/2022 12:28,30.038
7022899,7/12/2022 12:29,30.035
7022902,7/12/2022 12:30,30.037
7022905,7/12/2022 12:31,30.036
7022907,7/12/2022 12:33,30.039
7022910,7/12/2022 12:34,30.035
7022911,7/12/2022 12:35,30.037
7022913,7/12/2022 12:36,30.037
7022914,7/12/2022 12:37,30.036
7022915,7/12/2022 12:38,30.035
7022916,7/12/2022 12:39,30.035
7022919,7/12/2022 12:40,30.037
7022922,7/12/2022 12:41,30.036
7022925,7/12/2022 12:42,30.036
7022926,7/12/2022 12:43,30.038
7022927,7/12/2022 12:44,30.038
7022930,7/12/2022 12:50,30.034
7022931,7/12/2022 12:51,30.036
7022934,7/12/2022 12:52,30.036
7022936,7/12/2022 12:53,30.035
7022937,7/12/2022 12:54,30.035
7022939,7/12/2022 12:55,30.035
7022940,7/12/2022 12:56,30.035
7022942,7/12/2022 12:57,30.033
7022944,7/12/2022 12:58,30.034
7022945,7/12/2022 12:59,30.032
7022946,7/12/2022 13:00,30.033
7022947,7/12/2022 13:01,30.031
7022949,7/12/2022 13:02,30.033
7022951,7/12/2022 13:03,30.03
7022954,7/12/2022 13:04,30.029
7022957,7/12/2022 13:05,30.03
7022960,7/12/2022 13:06,30.029
7022962,7/12/2022 13:07,30.03
7022963,7/12/2022 13:08,30.029
7022966,7/12/2022 13:09,30.028
7022969,7/12/2022 13:10,30.03
7022970,7/12/2022 13:11,30.029
7022972,7/12/2022 13:12,30.028
7022973,7/12/2022 13:13,30.029
7022976,7/12/2022 13:14,30.028
7022979,7/12/2022 13:15,30.028
7022981,7/12/2022 13:16,30.028
7022984,7/12/2022 13:17,30.029
7022987,7/12/2022 13:18,30.028
7022990,7/12/2022 13:19,30.027
7022993,7/12/2022 13:20,30.029
7022995,7/12/2022 13:21,30.029
7022996,7/12/2022 13:22,30.027
7022997,7/12/2022 13:23,30.029
7022999,7/12/2022 13:24,30.027
7023001,7/12/2022 13:25,30.029
7023002,7/12/2022 13:26,30.03
7023005,7/12/2022 13:27,30.027
7023006,7/12/2022 13:28,30.03
7023009,7/12/2022 13:29,30.03
7023011,7/12/2022 13:30,30.029
7023012,7/12/2022 13:31,30.03
7023015,7/12/2022 13:32,30.031
7023016,7/12/2022 13:33,30.031
7023019,7/12/2022 13:34,30.029
7023020,7/12/2022 13:35,30.028
7023023,7/12/2022 13:36,30.028
7023026,7/12/2022 13:37,30.029
7023029,7/12/2022 13:38,30.03
7023032,7/12/2022 13:39,30.028
7023034,7/12/2022 13:40,30.028
7023037,7/12/2022 13:41,30.026
7023039,7/12/2022 13:42,30.025
7023042,7/12/2022 13:43,30.028
7023044,7/12/2022 13:44,30.026
7023046,7/12/2022 13:49,30.027
7023047,7/12/2022 13:50,30.026
7023050,7/12/2022 13:51,30.027
7023051,7/12/2022 13:52,30.028
7023052,7/12/2022 13:53,30.026
7023053,7/12/2022 13:54,30.023
7023056,7/12/2022 13:55,30.025
7023059,7/12/2022 13:56,30.027
7023060,7/12/2022 13:57,30.026
7023063,7/12/2022 13:58,30.027
7023065,7/12/2022 13:59,30.026
7023068,7/12/2022 14:00,30.025
7023071,7/12/2022 14:01,30.027
7023072,7/12/2022 14:02,30.025
7023074,7/12/2022 14:03,30.025
7023076,7/12/2022 14:04,30.025
7023079,7/12/2022 14:05,30.025
7023082,7/12/2022 14:06,30.026
7023083,7/12/2022 14:07,30.025
7023084,7/12/2022 14:08,30.024
7023087,7/12/2022 14:09,30.024
7023088,7/12/2022 14:10,30.024
7023089,7/12/2022 14:11,30.023
7023092,7/12/2022 14:12,30.025
7023095,7/12/2022 14:13,30.025
7023098,7/12/2022 14:14,30.026
7023101,7/12/2022 14:15,30.024
7023102,7/12/2022 14:16,30.024
7023105,7/12/2022 14:17,30.023
7023108,7/12/2022 14:18,30.026
7023110,7/12/2022 14:19,30.022
7023111,7/12/2022 14:20,30.023
7023112,7/12/2022 14:21,30.026
7023115,7/12/2022 14:22,30.022
7023118,7/12/2022 14:23,30.024
7023119,7/12/2022 14:24,30.023
7023120,7/12/2022 14:25,30.024
7023123,7/12/2022 14:26,30.024
7023125,7/12/2022 14:27,30.025
7023128,7/12/2022 14:28,30.024
7023131,7/12/2022 14:29,30.026
7023133,7/12/2022 14:30,30.026
7023136,7/12/2022 14:31,30.027
7023138,7/12/2022 14:32,30.027
7023141,7/12/2022 14:33,30.024
7023142,7/12/2022 14:34,30.025
7023144,7/12/2022 14:35,30.027
7023145,7/12/2022 14:36,30.026
7023148,7/12/2022 14:37,30.026
7023149,7/12/2022 14:38,30.022
7023151,7/12/2022 14:39,30.023
7023154,7/12/2022 14:40,30.023
7023157,7/12/2022 14:41,30.023
7023160,7/12/2022 14:42,30.023
7023163,7/12/2022 14:43,30.021
7023164,7/12/2022 14:44,30.024
7023165,7/12/2022 14:50,30.021
7023168,7/12/2022 14:51,30.02
7023171,7/12/2022 14:52,30.02
7023173,7/12/2022 14:53,30.019
7023175,7/12/2022 14:54,30.018
7023176,7/12/2022 14:55,30.018
7023178,7/12/2022 14:56,30.017
7023179,7/12/2022 14:57,30.018
7023181,7/12/2022 14:58,30.017
7023182,7/12/2022 14:59,30.017
7023184,7/12/2022 15:00,30.017
7023187,7/12/2022 15:01,30.016
7023189,7/12/2022 15:02,30.015
7023191,7/12/2022 15:03,30.014
7023194,7/12/2022 15:04,30.014
7023196,7/12/2022 15:05,30.014
7023197,7/12/2022 15:06,30.015
7023199,7/12/2022 15:07,30.012
7023200,7/12/2022 15:08,30.013
7023203,7/12/2022 15:09,30.011
7023205,7/12/2022 15:10,30.013
7023207,7/12/2022 15:11,30.011
7023210,7/12/2022 15:12,30.013
7023211,7/12/2022 15:13,30.011
7023214,7/12/2022 15:14,30.009
7023217,7/12/2022 15:15,30.009
7023220,7/12/2022 15:16,30.009
7023222,7/12/2022 15:17,30.01
7023225,7/12/2022 15:18,30.008
7023227,7/12/2022 15:19,30.009
7023230,7/12/2022 15:20,30.008
7023233,7/12/2022 15:21,30.005
7023236,7/12/2022 15:22,30.007
7023237,7/12/2022 15:23,30.007
7023239,7/12/2022 15:24,30.005
7023240,7/12/2022 15:25,30.006
7023241,7/12/2022 15:26,30.006
7023244,7/12/2022 15:27,30.005
7023246,7/12/2022 15:28,30.004
7023249,7/12/2022 15:29,30.005
7023250,7/12/2022 15:30,30.003
7023252,7/12/2022 15:31,30.005
7023253,7/12/2022 15:32,30.004
7023255,7/12/2022 15:33,30.003
7023257,7/12/2022 15:34,30.002
7023258,7/12/2022 15:35,30.004
7023260,7/12/2022 15:36,30.002
7023263,7/12/2022 15:37,30.002
7023264,7/12/2022 15:38,30.003
7023265,7/12/2022 15:39,30.001
7023267,7/12/2022 15:40,30.001
7023269,7/12/2022 15:41,30.003
7023271,7/12/2022 15:42,30.004
7023273,7/12/2022 15:43,30.001
7023276,7/12/2022 15:44,30.004
7023278,7/12/2022 15:50,30.002
7023280,7/12/2022 15:51,30.002
7023283,7/12/2022 15:52,30.003
7023286,7/12/2022 15:53,30.005
7023288,7/12/2022 15:54,30.002
7023290,7/12/2022 15:55,30.001
7023293,7/12/2022 15:56,30.002
7023294,7/12/2022 15:57,30
7023295,7/12/2022 15:58,30.002
7023298,7/12/2022 15:59,30.001
7023300,7/12/2022 16:00,30.001
7023303,7/12/2022 16:01,30.001
7023306,7/12/2022 16:02,30
7023308,7/12/2022 16:03,30
7023309,7/12/2022 16:04,30.001
7023311,7/12/2022 16:05,30.001
7023313,7/12/2022 16:06,29.999
7023315,7/12/2022 16:07,29.998
7023318,7/12/2022 16:08,29.999
7023320,7/12/2022 16:09,29.997
7023321,7/12/2022 16:10,29.997
7023322,7/12/2022 16:11,29.996
7023323,7/12/2022 16:12,29.997
7023325,7/12/2022 16:13,29.994
7023326,7/12/2022 16:14,29.992
7023327,7/12/2022 16:15,29.991
7023330,7/12/2022 16:16,29.99
7023333,7/12/2022 16:17,29.99
7023336,7/12/2022 16:18,29.989
7023337,7/12/2022 16:19,29.991
7023338,7/12/2022 16:20,29.99
7023340,7/12/2022 16:21,29.988
7023341,7/12/2022 16:22,29.988
7023344,7/12/2022 16:23,29.987
7023347,7/12/2022 16:24,29.987
7023350,7/12/2022 16:25,29.986
7023352,7/12/2022 16:26,29.987
7023353,7/12/2022 16:27,29.986
7023354,7/12/2022 16:28,29.986
7023356,7/12/2022 16:29,29.984
7023357,7/12/2022 16:30,29.983
7023359,7/12/2022 16:31,29.985
7023360,7/12/2022 16:32,29.981
7023362,7/12/2022 16:33,29.982
7023364,7/12/2022 16:34,29.982
7023367,7/12/2022 16:35,29.983
7023369,7/12/2022 16:36,29.981
7023372,7/12/2022 16:37,29.98
7023375,7/12/2022 16:38,29.98
7023378,7/12/2022 16:39,29.979
7023379,7/12/2022 16:40,29.978
7023381,7/12/2022 16:41,29.978
7023384,7/12/2022 16:42,29.977
7023386,7/12/2022 16:43,29.976
7023387,7/12/2022 16:44,29.976
7023388,7/12/2022 16:50,29.976
7023391,7/12/2022 16:51,29.977
7023394,7/12/2022 16:52,29.977
7023397,7/12/2022 16:53,29.976
7023398,7/12/2022 16:54,29.977
7023401,7/12/2022 16:55,29.977
7023404,7/12/2022 16:56,29.979
7023407,7/12/2022 16:57,29.978
7023408,7/12/2022 16:58,29.978
7023409,7/12/2022 16:59,29.976
7023410,7/12/2022 17:00,29.976
7023411,7/12/2022 17:01,29.975
7023412,7/12/2022 17:02,29.976
7023414,7/12/2022 17:03,29.974
7023417,7/12/2022 17:04,29.976
7023420,7/12/2022 17:05,29.975
7023421,7/12/2022 17:06,29.977
7023422,7/12/2022 17:07,29.976
7023425,7/12/2022 17:08,29.978
7023426,7/12/2022 17:09,29.975
7023429,7/12/2022 17:10,29.976
7023432,7/12/2022 17:11,29.977
7023435,7/12/2022 17:12,29.977
7023437,7/12/2022 17:13,29.975
7023439,7/12/2022 17:14,29.976
7023442,7/12/2022 17:15,29.976
7023445,7/12/2022 17:16,29.977
7023446,7/12/2022 17:17,29.977
7023448,7/12/2022 17:18,29.978
7023450,7/12/2022 17:19,29.977
7023452,7/12/2022 17:20,29.976
7023453,7/12/2022 17:21,29.977
7023454,7/12/2022 17:22,29.978
7023455,7/12/2022 17:23,29.978
7023458,7/12/2022 17:24,29.978
7023461,7/12/2022 17:25,29.98
7023464,7/12/2022 17:26,29.978
7023467,7/12/2022 17:27,29.978
7023470,7/12/2022 17:28,29.979
7023473,7/12/2022 17:29,29.978
7023474,7/12/2022 17:30,29.98
7023475,7/12/2022 17:31,29.979
7023478,7/12/2022 17:32,29.98
7023481,7/12/2022 17:33,29.981
7023484,7/12/2022 17:34,29.98
7023487,7/12/2022 17:35,29.981
7023490,7/12/2022 17:36,29.981
7023492,7/12/2022 17:37,29.981
7023494,7/12/2022 17:38,29.982
7023496,7/12/2022 17:39,29.982
7023499,7/12/2022 17:40,29.982
7023501,7/12/2022 17:41,29.981
7023503,7/12/2022 17:42,29.982
7023506,7/12/2022 17:43,29.982
7023508,7/12/2022 17:44,29.979
7023511,7/12/2022 17:50,29.981
7023512,7/12/2022 17:51,29.98
7023513,7/12/2022 17:52,29.979
7023516,7/12/2022 17:53,29.98
7023517,7/12/2022 17:54,29.98
7023520,7/12/2022 17:55,29.98
7023523,7/12/2022 17:56,29.979
7023526,7/12/2022 17:57,29.978
7023529,7/12/2022 17:58,29.98
7023531,7/12/2022 17:59,29.981
7023532,7/12/2022 18:00,29.98
7023535,7/12/2022 18:01,29.978
7023538,7/12/2022 18:02,29.979
7023540,7/12/2022 18:03,29.978
7023543,7/12/2022 18:04,29.977
7023545,7/12/2022 18:05,29.978
7023548,7/12/2022 18:06,29.976
7023551,7/12/2022 18:07,29.976
7023553,7/12/2022 18:08,29.976
7023554,7/12/2022 18:09,29.976
7023555,7/12/2022 18:10,29.976
7023558,7/12/2022 18:11,29.977
7023561,7/12/2022 18:12,29.974
7023564,7/12/2022 18:13,29.978
7023565,7/12/2022 18:14,29.977
7023567,7/12/2022 18:15,29.978
7023569,7/12/2022 18:16,29.977
7023570,7/12/2022 18:17,29.978
7023571,7/12/2022 18:18,29.978
7023574,7/12/2022 18:19,29.98
7023576,7/12/2022 18:20,29.981
7023579,7/12/2022 18:21,29.98
7023582,7/12/2022 18:22,29.98
7023583,7/12/2022 18:23,29.981
7023586,7/12/2022 18:24,29.98
7023589,7/12/2022 18:25,29.98
7023592,7/12/2022 18:26,29.98
7023594,7/12/2022 18:27,29.98
7023597,7/12/2022 18:28,29.978
7023598,7/12/2022 18:29,29.98
7023601,7/12/2022 18:30,29.979
7023603,7/12/2022 18:32,29.98
7023604,7/12/2022 18:33,29.981
7023606,7/12/2022 18:33,29.98
7023609,7/12/2022 18:35,29.981
7023612,7/12/2022 18:36,29.982
7023615,7/12/2022 18:37,29.982
7023617,7/12/2022 18:38,29.982
7023620,7/12/2022 18:39,29.985
7023621,7/12/2022 18:40,29.985
7023624,7/12/2022 18:41,29.986
7023627,7/12/2022 18:42,29.986
7023630,7/12/2022 18:43,29.986
7023633,7/12/2022 18:44,29.985
7023636,7/12/2022 18:45,29.986
7023637,7/12/2022 18:50,29.986
7023639,7/12/2022 18:51,29.986
7023642,7/12/2022 18:52,29.985
7023643,7/12/2022 18:53,29.984
7023645,7/12/2022 18:54,29.985
7023647,7/12/2022 18:55,29.984
7023650,7/12/2022 18:56,29.981
7023653,7/12/2022 18:57,29.981
7023656,7/12/2022 18:58,29.981
7023657,7/12/2022 18:59,29.981
7023659,7/12/2022 19:00,29.98
7023660,7/12/2022 19:01,29.981
7023663,7/12/2022 19:02,29.98
7023666,7/12/2022 19:03,29.978
7023669,7/12/2022 19:04,29.981
7023672,7/12/2022 19:05,29.981
7023675,7/12/2022 19:06,29.98
7023676,7/12/2022 19:07,29.982
7023679,7/12/2022 19:08,29.981
7023682,7/12/2022 19:09,29.981
7023683,7/12/2022 19:10,29.981
7023686,7/12/2022 19:11,29.979
7023687,7/12/2022 19:12,29.98
7023690,7/12/2022 19:13,29.98
7023691,7/12/2022 19:14,29.982
7023693,7/12/2022 19:15,29.982
7023694,7/12/2022 19:16,29.981
7023697,7/12/2022 19:17,29.982
7023700,7/12/2022 19:18,29.982
7023701,7/12/2022 19:19,29.983
7023702,7/12/2022 19:20,29.984
7023705,7/12/2022 19:21,29.984
7023708,7/12/2022 19:22,29.985
7023711,7/12/2022 19:23,29.986
7023713,7/12/2022 19:24,29.985
7023714,7/12/2022 19:25,29.985
7023717,7/12/2022 19:26,29.985
7023720,7/12/2022 19:27,29.984
7023724,7/12/2022 19:28,29.984
7023725,7/12/2022 19:29,29.986
7023726,7/12/2022 19:30,29.985
7023729,7/12/2022 19:31,29.985
7023732,7/12/2022 19:32,29.984
7023735,7/12/2022 19:33,29.984
7023736,7/12/2022 19:34,29.984
7023739,7/12/2022 19:35,29.982
7023742,7/12/2022 19:36,29.982
7023744,7/12/2022 19:37,29.984
7023745,7/12/2022 19:38,29.983
7023748,7/12/2022 19:39,29.985
7023750,7/12/2022 19:40,29.984
7023751,7/12/2022 19:41,29.985
7023754,7/12/2022 19:42,29.985
7023755,7/12/2022 19:43,29.985
7023758,7/12/2022 19:44,29.985
7023761,7/12/2022 19:45,29.987
7023764,7/12/2022 19:51,29.983
7023767,7/12/2022 19:52,29.982
7023773,7/12/2022 19:53,29.985
7023771,7/12/2022 19:54,29.983
7023776,7/12/2022 19:55,29.983
7023777,7/12/2022 19:56,29.984
7023778,7/12/2022 19:57,29.984
7023780,7/12/2022 19:58,29.983
7023782,7/12/2022 19:59,29.984
7023784,7/12/2022 20:00,29.983
7023787,7/12/2022 20:01,29.983
7023793,7/12/2022 20:02,29.982
7023796,7/12/2022 20:03,29.984
7023799,7/12/2022 20:04,29.981
7023802,7/12/2022 20:05,29.983
7023804,7/12/2022 20:06,29.985
7023805,7/12/2022 20:07,29.987
7023808,7/12/2022 20:08,29.986
7023811,7/12/2022 20:09,29.986
7023815,7/12/2022 20:10,29.987
7023818,7/12/2022 20:11,29.989
7023821,7/12/2022 20:12,29.988
7023822,7/12/2022 20:13,29.991
7023825,7/12/2022 20:14,29.994
7023828,7/12/2022 20:15,29.995
7023831,7/12/2022 20:16,29.994
7023833,7/12/2022 20:17,29.997
7023836,7/12/2022 20:18,29.996
7023839,7/12/2022 20:19,29.997
7023840,7/12/2022 20:20,29.996
7023843,7/12/2022 20:21,29.996
7023845,7/12/2022 20:22,29.995
7023847,7/12/2022 20:23,29.996
7023848,7/12/2022 20:24,29.996
7023850,7/12/2022 20:25,29.997
7023852,7/12/2022 20:26,29.998
7023854,7/12/2022 20:27,29.999
7023857,7/12/2022 20:28,29.997
7023859,7/12/2022 20:29,29.998
7023861,7/12/2022 20:30,29.998
7023864,7/12/2022 20:31,29.999
7023867,7/12/2022 20:32,30
7023868,7/12/2022 20:33,30
7023869,7/12/2022 20:34,30
7023871,7/12/2022 20:35,30.001
7023874,7/12/2022 20:36,30
7023877,7/12/2022 20:37,30.001
7023879,7/12/2022 20:38,30.004
7023881,7/12/2022 20:39,30.003
7023882,7/12/2022 20:40,30.003
7023885,7/12/2022 20:41,30.005
7023888,7/12/2022 20:42,30.003
7023890,7/12/2022 20:43,30.004
7023893,7/12/2022 20:44,30.004
7023894,7/12/2022 20:45,30.004
7023897,7/12/2022 20:51,30.009
7023899,7/12/2022 20:52,30.008
7023902,7/12/2022 20:53,30.008
7023904,7/12/2022 20:54,30.007
7023907,7/12/2022 20:55,30.009
7023910,7/12/2022 20:56,30.009
7023913,7/12/2022 20:57,30.009
7023919,7/12/2022 20:58,30.01
7023918,7/12/2022 20:59,30.01
7023920,7/12/2022 21:00,30.01
7023922,7/12/2022 21:01,30.01
7023925,7/12/2022 21:02,30.01
7023927,7/12/2022 21:03,30.009
7023929,7/12/2022 21:04,30.01
7023931,7/12/2022 21:05,30.008
7023934,7/12/2022 21:06,30.01
7023935,7/12/2022 21:07,30.008
7023939,7/12/2022 21:08,30.009
7023940,7/12/2022 21:09,30.008
7023941,7/12/2022 21:10,30.009
7023944,7/12/2022 21:11,30.01
7023945,7/12/2022 21:12,30.009
7023946,7/12/2022 21:13,30.01
7023949,7/12/2022 21:14,30.009
7023952,7/12/2022 21:15,30.009
7023955,7/12/2022 21:16,30.008
7023957,7/12/2022 21:17,30.006
7023960,7/12/2022 21:18,30.007
7023963,7/12/2022 21:19,30.007
7023966,7/12/2022 21:20,30.004
7023967,7/12/2022 21:21,30.004
7023968,7/12/2022 21:22,30.002
7023969,7/12/2022 21:23,30.005
7023972,7/12/2022 21:24,30.007
7023974,7/12/2022 21:25,30.009
7023978,7/12/2022 21:26,30.007
7023976,7/12/2022 21:27,30.009
7023981,7/12/2022 21:28,30.009
7023983,7/12/2022 21:29,30.01
7023986,7/12/2022 21:30,30.01
7023988,7/12/2022 21:31,30.009
7023990,7/12/2022 21:32,30.01
7023992,7/12/2022 21:33,30.01
7023996,7/12/2022 21:34,30.009
7023995,7/12/2022 21:35,30.008
7023998,7/12/2022 21:36,30.009
7024000,7/12/2022 21:37,30.007
7024003,7/12/2022 21:38,30.006
7024005,7/12/2022 21:39,30.005
7024009,7/12/2022 21:40,30.006
7024012,7/12/2022 21:41,30.009
7024015,7/12/2022 21:42,30.008
7024017,7/12/2022 21:43,30.008
7024020,7/12/2022 21:44,30.005
7024021,7/12/2022 21:45,30.009
7024024,7/12/2022 21:51,30.007
7024027,7/12/2022 21:52,30.009
7024026,7/12/2022 21:53,30.007
7024028,7/12/2022 21:54,30.01
7024031,7/12/2022 21:55,30.009
7024033,7/12/2022 21:56,30.009
7024035,7/12/2022 21:57,30.009
7024037,7/12/2022 21:58,30.008
7024039,7/12/2022 21:59,30.008
7024041,7/12/2022 22:00,30.008
7024043,7/12/2022 22:01,30.007
7024047,7/12/2022 22:02,30.008
7024046,7/12/2022 22:03,30.007
7024052,7/12/2022 22:04,30.009
7024055,7/12/2022 22:05,30.008
7024058,7/12/2022 22:06,30.007
7024061,7/12/2022 22:07,30.01
7024064,7/12/2022 22:08,30.01
7024065,7/12/2022 22:09,30.01
7024066,7/12/2022 22:10,30.01
7024069,7/12/2022 22:11,30.01
7024075,7/12/2022 22:12,30.008
7024078,7/12/2022 22:13,30.01
7024080,7/12/2022 22:14,30.008
7024082,7/12/2022 22:15,30.008
7024085,7/12/2022 22:16,30.01
7024087,7/12/2022 22:17,30.011
7024089,7/12/2022 22:18,30.011
7024091,7/12/2022 22:19,30.011
7024094,7/12/2022 22:20,30.012
7024097,7/12/2022 22:21,30.011
7024101,7/12/2022 22:22,30.013
7024103,7/12/2022 22:23,30.011
7024104,7/12/2022 22:24,30.013
7024107,7/12/2022 22:25,30.013
7024110,7/12/2022 22:26,30.014
7024113,7/12/2022 22:27,30.015
7024114,7/12/2022 22:28,30.016
7024115,7/12/2022 22:29,30.017
7024116,7/12/2022 22:30,30.017
7024117,7/12/2022 22:31,30.017
7024119,7/12/2022 22:32,30.016
7024121,7/12/2022 22:33,30.019
7024123,7/12/2022 22:34,30.018
7024124,7/12/2022 22:35,30.019
7024127,7/12/2022 22:36,30.021
7024129,7/12/2022 22:37,30.019
7024132,7/12/2022 22:38,30.025
7024133,7/12/2022 22:39,30.025
7024139,7/12/2022 22:40,30.025
7024142,7/12/2022 22:41,30.026
7024148,7/12/2022 22:42,30.025
7024151,7/12/2022 22:43,30.026
7024154,7/12/2022 22:44,30.028
7024155,7/12/2022 22:45,30.028
7024158,7/12/2022 22:51,30.034
7024161,7/12/2022 22:52,30.034
7024164,7/12/2022 22:53,30.034
7024169,7/12/2022 22:54,30.034
7024168,7/12/2022 22:55,30.035
7024173,7/12/2022 22:56,30.036
7024176,7/12/2022 22:57,30.038
7024182,7/12/2022 22:58,30.037
7024185,7/12/2022 22:59,30.034
7024187,7/12/2022 23:00,30.037
7024190,7/12/2022 23:01,30.035
7024191,7/12/2022 23:02,30.034
7024193,7/12/2022 23:03,30.033
7024194,7/12/2022 23:04,30.033
7024197,7/12/2022 23:05,30.035
7024203,7/12/2022 23:06,30.036
7024202,7/12/2022 23:07,30.036
7024205,7/12/2022 23:08,30.039
7024207,7/12/2022 23:09,30.04
7024212,7/12/2022 23:10,30.041
7024215,7/12/2022 23:11,30.044
7024219,7/12/2022 23:12,30.043
7024220,7/12/2022 23:13,30.044
7024222,7/12/2022 23:14,30.047
7024224,7/12/2022 23:15,30.047
7024225,7/12/2022 23:16,30.047
7024227,7/12/2022 23:17,30.047
7024230,7/12/2022 23:18,30.046
7024233,7/12/2022 23:19,30.047
7024236,7/12/2022 23:20,30.047
7024237,7/12/2022 23:21,30.047
7024238,7/12/2022 23:22,30.047
7024240,7/12/2022 23:23,30.049
7024243,7/12/2022 23:24,30.048
7024244,7/12/2022 23:25,30.051
7024246,7/12/2022 23:26,30.051
7024249,7/12/2022 23:27,30.051
7024252,7/12/2022 23:28,30.053
7024255,7/12/2022 23:29,30.051
7024258,7/12/2022 23:30,30.052
7024261,7/12/2022 23:31,30.053
7024265,7/12/2022 23:32,30.051
7024263,7/12/2022 23:33,30.054
7024264,7/12/2022 23:34,30.054
7024268,7/12/2022 23:35,30.054
7024270,7/12/2022 23:36,30.057
7024271,7/12/2022 23:37,30.056
7024276,7/12/2022 23:38,30.06
7024277,7/12/2022 23:39,30.061
7024280,7/12/2022 23:40,30.061
7024281,7/12/2022 23:41,30.063
7024285,7/12/2022 23:42,30.062
7024284,7/12/2022 23:43,30.06
7024287,7/12/2022 23:44,30.059
7024290,7/12/2022 23:45,30.057
7024291,7/12/2022 23:51,30.056
7024292,7/12/2022 23:52,30.057
7024293,7/12/2022 23:53,30.052
7024296,7/12/2022 23:54,30.056
7024299,7/12/2022 23:55,30.051
7024302,7/12/2022 23:56,30.055
7024305,7/12/2022 23:57,30.056
7024307,7/12/2022 23:58,30.056
7024308,7/12/2022 23:59,30.057
7024311,7/13/2022 0:00,30.058
7024310,7/13/2022 0:01,30.057
7024312,7/13/2022 0:02,30.057
7024315,7/13/2022 0:03,30.054
7024317,7/13/2022 0:04,30.058
7024318,7/13/2022 0:05,30.055
7024319,7/13/2022 0:06,30.053
7024321,7/13/2022 0:07,30.054
7024324,7/13/2022 0:08,30.053
7024325,7/13/2022 0:09,30.053
7024326,7/13/2022 0:10,30.052
7024328,7/13/2022 0:11,30.052
7024329,7/13/2022 0:12,30.053
7024330,7/13/2022 0:13,30.052
7024331,7/13/2022 0:14,30.052
7024333,7/13/2022 0:15,30.051
7024336,7/13/2022 0:16,30.049
7024339,7/13/2022 0:17,30.048
7024342,7/13/2022 0:18,30.047
7024343,7/13/2022 0:19,30.046
7024344,7/13/2022 0:20,30.046
7024349,7/13/2022 0:21,30.049
7024347,7/13/2022 0:22,30.051
7024352,7/13/2022 0:23,30.051
7024353,7/13/2022 0:24,30.052
7024357,7/13/2022 0:25,30.053
7024355,7/13/2022 0:26,30.053
7024358,7/13/2022 0:27,30.052
7024361,7/13/2022 0:28,30.052
7024362,7/13/2022 0:29,30.052
7024364,7/13/2022 0:30,30.049
7024367,7/13/2022 0:31,30.051
7024368,7/13/2022 0:32,30.048
7024371,7/13/2022 0:33,30.048
7024374,7/13/2022 0:34,30.051
7024376,7/13/2022 0:35,30.049
7024378,7/13/2022 0:36,30.052
7024380,7/13/2022 0:37,30.052
7024383,7/13/2022 0:38,30.052
7024386,7/13/2022 0:39,30.054
7024389,7/13/2022 0:40,30.053
7024390,7/13/2022 0:41,30.053
7024391,7/13/2022 0:42,30.053
7024393,7/13/2022 0:43,30.053
7024396,7/13/2022 0:44,30.052
7024397,7/13/2022 0:45,30.054
7024398,7/13/2022 0:50,30.054
7024399,7/13/2022 0:51,30.055
7024402,7/13/2022 0:52,30.052
7024403,7/13/2022 0:53,30.052
7024405,7/13/2022 0:54,30.051
7024406,7/13/2022 0:55,30.051
7024409,7/13/2022 0:56,30.051
7024411,7/13/2022 0:57,30.054
7024414,7/13/2022 0:58,30.051
7024415,7/13/2022 0:59,30.052
7024416,7/13/2022 1:00,30.049
7024419,7/13/2022 1:01,30.052
7024422,7/13/2022 1:02,30.051
7024424,7/13/2022 1:03,30.052
7024425,7/13/2022 1:04,30.049
7024426,7/13/2022 1:05,30.049
7024429,7/13/2022 1:06,30.047
7024432,7/13/2022 1:07,30.048
7024434,7/13/2022 1:08,30.048
7024435,7/13/2022 1:09,30.048
7024438,7/13/2022 1:10,30.049
7024440,7/13/2022 1:11,30.048
7024442,7/13/2022 1:12,30.047
7024444,7/13/2022 1:13,30.047
7024447,7/13/2022 1:14,30.046
7024449,7/13/2022 1:15,30.047
7024451,7/13/2022 1:16,30.046
7024454,7/13/2022 1:17,30.045
7024457,7/13/2022 1:18,30.047
7024459,7/13/2022 1:19,30.047
7024462,7/13/2022 1:20,30.047
7024465,7/13/2022 1:21,30.046
7024468,7/13/2022 1:22,30.045
7024469,7/13/2022 1:23,30.046
7024472,7/13/2022 1:24,30.045
7024474,7/13/2022 1:25,30.045
7024477,7/13/2022 1:26,30.043
7024480,7/13/2022 1:27,30.046
7024483,7/13/2022 1:28,30.045
7024485,7/13/2022 1:29,30.044
7024487,7/13/2022 1:30,30.045
7024489,7/13/2022 1:31,30.045
7024492,7/13/2022 1:32,30.044
7024494,7/13/2022 1:33,30.044
7024497,7/13/2022 1:34,30.044
7024501,7/13/2022 1:35,30.044
7024504,7/13/2022 1:36,30.042
7024509,7/13/2022 1:37,30.042
7024512,7/13/2022 1:38,30.042
7024515,7/13/2022 1:39,30.041
7024518,7/13/2022 1:40,30.039
7024521,7/13/2022 1:41,30.04
7024524,7/13/2022 1:42,30.037
7024526,7/13/2022 1:43,30.039
7024527,7/13/2022 1:44,30.039
7024530,7/13/2022 1:45,30.038
7024532,7/13/2022 1:51,30.038
7024534,7/13/2022 1:52,30.039
7024537,7/13/2022 1:53,30.037
7024538,7/13/2022 1:54,30.037
7024539,7/13/2022 1:55,30.038
7024540,7/13/2022 1:56,30.037
7024543,7/13/2022 1:57,30.038
7024545,7/13/2022 1:58,30.038
7024549,7/13/2022 2:00,30.033
7024551,7/13/2022 2:01,30.036
7024553,7/13/2022 2:02,30.035
7024554,7/13/2022 2:03,30.035
7024557,7/13/2022 2:04,30.034
7024560,7/13/2022 2:05,30.034
7024563,7/13/2022 2:06,30.036
7024566,7/13/2022 2:07,30.036
7024569,7/13/2022 2:08,30.035
7024572,7/13/2022 2:09,30.033
7024575,7/13/2022 2:10,30.034
7024578,7/13/2022 2:11,30.036
7024579,7/13/2022 2:12,30.035
7024582,7/13/2022 2:13,30.035
7024585,7/13/2022 2:14,30.034
7024587,7/13/2022 2:15,30.036
7024588,7/13/2022 2:16,30.034
7024591,7/13/2022 2:17,30.031
7024593,7/13/2022 2:18,30.033
7024594,7/13/2022 2:19,30.031
7024596,7/13/2022 2:20,30.033
7024598,7/13/2022 2:21,30.03
7024599,7/13/2022 2:22,30.03
7024601,7/13/2022 2:23,30.03
7024603,7/13/2022 2:24,30.031
7024606,7/13/2022 2:25,30.028
7024609,7/13/2022 2:26,30.03
7024610,7/13/2022 2:27,30.03
7024612,7/13/2022 2:28,30.028
7024615,7/13/2022 2:29,30.028
7024620,7/13/2022 2:30,30.028
7024623,7/13/2022 2:31,30.028
7024624,7/13/2022 2:32,30.029
7024627,7/13/2022 2:33,30.029
7024630,7/13/2022 2:34,30.027
7024631,7/13/2022 2:35,30.028
7024634,7/13/2022 2:36,30.028
7024635,7/13/2022 2:37,30.025
7024638,7/13/2022 2:38,30.025
7024640,7/13/2022 2:39,30.027
7024641,7/13/2022 2:40,30.026
7024643,7/13/2022 2:41,30.026
7024645,7/13/2022 2:42,30.026
7024647,7/13/2022 2:43,30.027
7024648,7/13/2022 2:44,30.026
7024652,7/13/2022 2:45,30.026
7024654,7/13/2022 2:51,30.022
7024657,7/13/2022 2:52,30.022
7024661,7/13/2022 2:53,30.019
7024668,7/13/2022 2:55,30.019
7024667,7/13/2022 2:56,30.022
7024669,7/13/2022 2:57,30.022
7024673,7/13/2022 2:58,30.02
7024672,7/13/2022 2:59,30.022
7024675,7/13/2022 3:00,30.021
7024677,7/13/2022 3:01,30.021
7024680,7/13/2022 3:02,30.02
7024683,7/13/2022 3:03,30.02
7024686,7/13/2022 3:04,30.021
7024687,7/13/2022 3:05,30.019
7024689,7/13/2022 3:06,30.02
7024691,7/13/2022 3:07,30.02
7024693,7/13/2022 3:08,30.021
7024695,7/13/2022 3:09,30.021
7024696,7/13/2022 3:10,30.022
7024699,7/13/2022 3:11,30.02
7024700,7/13/2022 3:12,30.02
7024701,7/13/2022 3:13,30.018
7024702,7/13/2022 3:14,30.02
7024704,7/13/2022 3:15,30.017
7024705,7/13/2022 3:16,30.016
7024708,7/13/2022 3:17,30.016
7024709,7/13/2022 3:18,30.019
7024712,7/13/2022 3:19,30.017
7024713,7/13/2022 3:20,30.018
7024715,7/13/2022 3:21,30.018
7024718,7/13/2022 3:22,30.019
7024719,7/13/2022 3:23,30.02
7024720,7/13/2022 3:24,30.019
7024723,7/13/2022 3:25,30.02
7024725,7/13/2022 3:26,30.021
7024726,7/13/2022 3:27,30.022
7024728,7/13/2022 3:28,30.021
7024730,7/13/2022 3:29,30.021
7024733,7/13/2022 3:30,30.022
7024735,7/13/2022 3:31,30.022
7024738,7/13/2022 3:32,30.021
7024741,7/13/2022 3:33,30.023
7024743,7/13/2022 3:34,30.022
7024745,7/13/2022 3:35,30.022
7024748,7/13/2022 3:36,30.023
7024752,7/13/2022 3:37,30.024
7024751,7/13/2022 3:38,30.023
7024754,7/13/2022 3:39,30.022
7024757,7/13/2022 3:40,30.02
7024762,7/13/2022 3:41,30.018
7024761,7/13/2022 3:42,30.02
7024764,7/13/2022 3:43,30.02
7024767,7/13/2022 3:44,30.017
7024768,7/13/2022 3:45,30.017
7024771,7/13/2022 3:51,30.015
7024774,7/13/2022 3:52,30.016
7024777,7/13/2022 3:53,30.016
7024781,7/13/2022 3:54,30.015
7024784,7/13/2022 3:55,30.013
7024785,7/13/2022 3:56,30.014
7024788,7/13/2022 3:57,30.017
7024790,7/13/2022 3:58,30.015
7024791,7/13/2022 3:59,30.014
7024793,7/13/2022 4:00,30.013
7024796,7/13/2022 4:01,30.014
7024798,7/13/2022 4:02,30.013
7024801,7/13/2022 4:03,30.012
7024803,7/13/2022 4:04,30.012
7024804,7/13/2022 4:05,30.01
7024807,7/13/2022 4:06,30.01
7024810,7/13/2022 4:07,30.008
7024811,7/13/2022 4:08,30.009
7024813,7/13/2022 4:09,30.008
7024814,7/13/2022 4:10,30.007
7024815,7/13/2022 4:11,30.008
7024818,7/13/2022 4:12,30.007
7024820,7/13/2022 4:13,30.007
7024822,7/13/2022 4:14,30.007
7024825,7/13/2022 4:15,30.007
7024828,7/13/2022 4:16,30.007
7024829,7/13/2022 4:17,30.009
7024830,7/13/2022 4:18,30.007
7024833,7/13/2022 4:19,30.008
7024836,7/13/2022 4:20,30.007
7024837,7/13/2022 4:21,30.009
7024839,7/13/2022 4:22,30.007
7024842,7/13/2022 4:23,30.01
7024843,7/13/2022 4:24,30.009
7024844,7/13/2022 4:25,30.008
7024847,7/13/2022 4:26,30.009
7024850,7/13/2022 4:27,30.007
7024853,7/13/2022 4:28,30.007
7024856,7/13/2022 4:29,30.007
7024857,7/13/2022 4:30,30.009
7024859,7/13/2022 4:31,30.007
7024860,7/13/2022 4:32,30.005
7024863,7/13/2022 4:33,30.005
7024866,7/13/2022 4:34,30.003
7024868,7/13/2022 4:35,30.005
7024871,7/13/2022 4:36,30.003
7024874,7/13/2022 4:37,30.002
7024876,7/13/2022 4:38,30.003
7024879,7/13/2022 4:39,30.002
7024880,7/13/2022 4:40,30
7024882,7/13/2022 4:41,30
7024884,7/13/2022 4:42,29.999
7024885,7/13/2022 4:43,29.999
7024888,7/13/2022 4:44,29.999
7024890,7/13/2022 4:45,29.998
7024892,7/13/2022 4:50,29.999
7024894,7/13/2022 4:51,30.002
7024896,7/13/2022 4:52,30.001
7024899,7/13/2022 4:53,30.003
7024900,7/13/2022 4:54,30.004
7024902,7/13/2022 4:55,30.005
7024903,7/13/2022 4:56,30.006
7024905,7/13/2022 4:57,30.006
7024907,7/13/2022 4:58,30.004
7024908,7/13/2022 4:59,30.003
7024910,7/13/2022 5:00,30.004
7024913,7/13/2022 5:01,30.006
7024915,7/13/2022 5:02,30.008
7024916,7/13/2022 5:03,30.006
7024917,7/13/2022 5:04,30.009
7024919,7/13/2022 5:05,30.009
7024922,7/13/2022 5:06,30.008
7024924,7/13/2022 5:07,30.009
7024925,7/13/2022 5:08,30.01
7024926,7/13/2022 5:09,30.01
7024928,7/13/2022 5:10,30.011
7024930,7/13/2022 5:11,30.01
7024931,7/13/2022 5:12,30.011
7024932,7/13/2022 5:13,30.012
7024934,7/13/2022 5:14,30.012
7024935,7/13/2022 5:15,30.01
7024938,7/13/2022 5:16,30.011
7024940,7/13/2022 5:17,30.011
7024942,7/13/2022 5:18,30.01
7024945,7/13/2022 5:19,30.009
7024948,7/13/2022 5:20,30.009
7024951,7/13/2022 5:21,30.011
7024953,7/13/2022 5:22,30.012
7024955,7/13/2022 5:23,30.013
7024958,7/13/2022 5:24,30.01
7024959,7/13/2022 5:25,30.013
7024961,7/13/2022 5:26,30.015
7024964,7/13/2022 5:27,30.015
7024965,7/13/2022 5:28,30.015
7024968,7/13/2022 5:29,30.015
7024969,7/13/2022 5:30,30.018
7024972,7/13/2022 5:31,30.015
7024973,7/13/2022 5:32,30.019
7024976,7/13/2022 5:33,30.018
7024978,7/13/2022 5:34,30.016
7024981,7/13/2022 5:35,30.018
7024984,7/13/2022 5:36,30.018
7024986,7/13/2022 5:37,30.018
7024987,7/13/2022 5:38,30.018
7024989,7/13/2022 5:39,30.018
7024990,7/13/2022 5:40,30.019
7024993,7/13/2022 5:41,30.018
7024996,7/13/2022 5:42,30.019
7024999,7/13/2022 5:43,30.017
7025002,7/13/2022 5:44,30.018
7025005,7/13/2022 5:45,30.017
7025006,7/13/2022 5:50,30.02
7025007,7/13/2022 5:51,30.02
7025010,7/13/2022 5:52,30.018
7025012,7/13/2022 5:53,30.022
7025013,7/13/2022 5:54,30.02
7025016,7/13/2022 5:55,30.02
7025017,7/13/2022 5:56,30.021
7025019,7/13/2022 5:57,30.021
7025022,7/13/2022 5:58,30.021
7025025,7/13/2022 5:59,30.02
7025026,7/13/2022 6:00,30.018
7025028,7/13/2022 6:01,30.02
7025031,7/13/2022 6:02,30.019
7025034,7/13/2022 6:03,30.02
7025036,7/13/2022 6:04,30.019
7025037,7/13/2022 6:05,30.021
7025040,7/13/2022 6:06,30.02
7025043,7/13/2022 6:07,30.022
7025044,7/13/2022 6:08,30.023
7025047,7/13/2022 6:09,30.022
7025049,7/13/2022 6:10,30.024
7025052,7/13/2022 6:11,30.022
7025055,7/13/2022 6:12,30.023
7025057,7/13/2022 6:13,30.022
7025058,7/13/2022 6:14,30.022
7025061,7/13/2022 6:15,30.025
7025063,7/13/2022 6:16,30.022
7025065,7/13/2022 6:17,30.023
7025066,7/13/2022 6:18,30.024
7025068,7/13/2022 6:19,30.024
7025069,7/13/2022 6:20,30.025
7025072,7/13/2022 6:21,30.025
7025075,7/13/2022 6:22,30.026
7025078,7/13/2022 6:23,30.027
7025081,7/13/2022 6:24,30.027
7025084,7/13/2022 6:25,30.029
7025086,7/13/2022 6:26,30.027
7025088,7/13/2022 6:27,30.025
7025091,7/13/2022 6:28,30.026
7025094,7/13/2022 6:29,30.027
7025095,7/13/2022 6:30,30.023
7025098,7/13/2022 6:31,30.026
7025099,7/13/2022 6:32,30.025
7025101,7/13/2022 6:33,30.028
7025102,7/13/2022 6:34,30.025
7025104,7/13/2022 6:35,30.026
7025107,7/13/2022 6:36,30.025
7025108,7/13/2022 6:37,30.027
7025111,7/13/2022 6:38,30.028
7025114,7/13/2022 6:39,30.028
7025117,7/13/2022 6:40,30.028
7025120,7/13/2022 6:41,30.028
7025122,7/13/2022 6:42,30.027
7025123,7/13/2022 6:43,30.028
7025126,7/13/2022 6:44,30.028
7025128,7/13/2022 6:45,30.031
7025129,7/13/2022 6:51,30.038
7025131,7/13/2022 6:52,30.035
7025132,7/13/2022 6:53,30.037
7025133,7/13/2022 6:54,30.039
7025136,7/13/2022 6:55,30.036
7025138,7/13/2022 6:56,30.039
7025140,7/13/2022 6:57,30.037
7025141,7/13/2022 6:58,30.04
7025144,7/13/2022 6:59,30.04
7025147,7/13/2022 7:00,30.04
7025148,7/13/2022 7:01,30.042
7025151,7/13/2022 7:02,30.04
7025152,7/13/2022 7:03,30.042
7025155,7/13/2022 7:04,30.043
7025158,7/13/2022 7:05,30.042
7025161,7/13/2022 7:06,30.045
7025162,7/13/2022 7:07,30.046
7025164,7/13/2022 7:08,30.046
7025165,7/13/2022 7:09,30.047
7025167,7/13/2022 7:10,30.048
7025168,7/13/2022 7:11,30.049
7025169,7/13/2022 7:12,30.048
7025172,7/13/2022 7:13,30.05
7025173,7/13/2022 7:14,30.049
7025176,7/13/2022 7:15,30.049
7025179,7/13/2022 7:16,30.052
7025182,7/13/2022 7:17,30.053
7025185,7/13/2022 7:18,30.053
7025190,7/13/2022 7:19,30.054
7025193,7/13/2022 7:20,30.053
7025196,7/13/2022 7:21,30.054
7025197,7/13/2022 7:22,30.055
7025199,7/13/2022 7:23,30.054
7025202,7/13/2022 7:24,30.056
7025205,7/13/2022 7:25,30.055
7025208,7/13/2022 7:26,30.056
7025209,7/13/2022 7:27,30.057
7025211,7/13/2022 7:28,30.057
7025212,7/13/2022 7:29,30.059
7025214,7/13/2022 7:30,30.06
7025217,7/13/2022 7:31,30.059
7025219,7/13/2022 7:32,30.06
7025222,7/13/2022 7:33,30.06
7025225,7/13/2022 7:34,30.06
7025228,7/13/2022 7:35,30.059
7025231,7/13/2022 7:36,30.06
7025232,7/13/2022 7:37,30.061
7025234,7/13/2022 7:38,30.061
7025236,7/13/2022 7:39,30.062
7025237,7/13/2022 7:40,30.061
7025240,7/13/2022 7:41,30.062
7025243,7/13/2022 7:42,30.061
7025245,7/13/2022 7:43,30.062
7025247,7/13/2022 7:44,30.061
7025248,7/13/2022 7:45,30.064
7025249,7/13/2022 7:51,30.063
7025251,7/13/2022 7:52,30.063
7025254,7/13/2022 7:53,30.063
7025255,7/13/2022 7:54,30.063
7025258,7/13/2022 7:55,30.063
7025260,7/13/2022 7:56,30.064
7025261,7/13/2022 7:57,30.067
7025262,7/13/2022 7:58,30.067
7025264,7/13/2022 7:59,30.068
7025265,7/13/2022 8:00,30.069
7025267,7/13/2022 8:01,30.068
7025270,7/13/2022 8:02,30.067
7025272,7/13/2022 8:03,30.069
7025273,7/13/2022 8:04,30.066
7025274,7/13/2022 8:05,30.067
7025277,7/13/2022 8:06,30.068
7025278,7/13/2022 8:07,30.067
7025281,7/13/2022 8:08,30.068
7025283,7/13/2022 8:09,30.065
7025286,7/13/2022 8:10,30.065
7025288,7/13/2022 8:11,30.067
7025289,7/13/2022 8:12,30.065
7025292,7/13/2022 8:13,30.066
7025293,7/13/2022 8:14,30.065
7025296,7/13/2022 8:15,30.066
7025297,7/13/2022 8:16,30.064
7025299,7/13/2022 8:17,30.067
7025300,7/13/2022 8:18,30.065
7025303,7/13/2022 8:19,30.066
7025306,7/13/2022 8:20,30.069
7025307,7/13/2022 8:21,30.069
7025308,7/13/2022 8:22,30.066
7025310,7/13/2022 8:23,30.066
7025311,7/13/2022 8:24,30.066
7025314,7/13/2022 8:25,30.068
7025317,7/13/2022 8:26,30.068
7025320,7/13/2022 8:27,30.067
7025323,7/13/2022 8:28,30.068
7025326,7/13/2022 8:29,30.066
7025329,7/13/2022 8:30,30.068
7025330,7/13/2022 8:31,30.068
7025332,7/13/2022 8:32,30.069
7025335,7/13/2022 8:33,30.068
7025336,7/13/2022 8:34,30.07
7025339,7/13/2022 8:35,30.068
7025340,7/13/2022 8:36,30.071
7025341,7/13/2022 8:37,30.069
7025342,7/13/2022 8:38,30.07
7025345,7/13/2022 8:39,30.07
7025348,7/13/2022 8:40,30.071
7025350,7/13/2022 8:41,30.07
7025353,7/13/2022 8:42,30.069
7025354,7/13/2022 8:43,30.07
7025355,7/13/2022 8:44,30.068
7025358,7/13/2022 8:45,30.07
7025359,7/13/2022 8:50,30.069
7025362,7/13/2022 8:51,30.071
7025365,7/13/2022 8:52,30.069
7025368,7/13/2022 8:53,30.07
7025371,7/13/2022 8:54,30.07
7025374,7/13/2022 8:55,30.069
7025375,7/13/2022 8:56,30.07
7025377,7/13/2022 8:57,30.07
7025378,7/13/2022 8:58,30.071
7025379,7/13/2022 8:59,30.071
7025380,7/13/2022 9:00,30.071
7025381,7/13/2022 9:01,30.07
7025383,7/13/2022 9:02,30.071
7025385,7/13/2022 9:03,30.07
7025386,7/13/2022 9:04,30.072
7025389,7/13/2022 9:05,30.072
7025392,7/13/2022 9:06,30.07
7025394,7/13/2022 9:07,30.069
7025397,7/13/2022 9:08,30.071
7025399,7/13/2022 9:09,30.07
7025401,7/13/2022 9:11,30.068
7025404,7/13/2022 9:12,30.068
7025407,7/13/2022 9:13,30.071
7025410,7/13/2022 9:14,30.071
7025413,7/13/2022 9:15,30.071
7025414,7/13/2022 9:16,30.072
7025416,7/13/2022 9:17,30.072
7025419,7/13/2022 9:18,30.072
7025420,7/13/2022 9:19,30.071
7025423,7/13/2022 9:20,30.071
7025425,7/13/2022 9:21,30.072
7025428,7/13/2022 9:22,30.071
7025430,7/13/2022 9:23,30.071
7025433,7/13/2022 9:24,30.071
7025435,7/13/2022 9:25,30.071
7025438,7/13/2022 9:26,30.071
7025441,7/13/2022 9:27,30.072
7025442,7/13/2022 9:28,30.072
7025443,7/13/2022 9:29,30.072
7025444,7/13/2022 9:30,30.07
7025447,7/13/2022 9:31,30.07
7025450,7/13/2022 9:32,30.072
7025452,7/13/2022 9:33,30.07
7025455,7/13/2022 9:34,30.07
7025458,7/13/2022 9:35,30.066
7025461,7/13/2022 9:36,30.07
7025464,7/13/2022 9:37,30.067
7025465,7/13/2022 9:38,30.068
7025467,7/13/2022 9:40,30.067
7025470,7/13/2022 9:41,30.068
7025471,7/13/2022 9:42,30.071
7025472,7/13/2022 9:43,30.066
7025473,7/13/2022 9:44,30.07
7025475,7/13/2022 9:45,30.068
7025476,7/13/2022 9:46,30.067
7025479,7/13/2022 9:52,30.064
7025480,7/13/2022 9:53,30.064
7025483,7/13/2022 9:54,30.064
7025485,7/13/2022 9:55,30.065
7025488,7/13/2022 9:56,30.066
7025491,7/13/2022 9:57,30.064
7025492,7/13/2022 9:58,30.065
7025495,7/13/2022 9:59,30.065
7025498,7/13/2022 10:00,30.065
7025500,7/13/2022 10:01,30.064
7025502,7/13/2022 10:02,30.064
7025503,7/13/2022 10:03,30.062
7025506,7/13/2022 10:04,30.061
7025507,7/13/2022 10:05,30.061
7025509,7/13/2022 10:06,30.061
7025510,7/13/2022 10:07,30.064
7025513,7/13/2022 10:08,30.063
7025516,7/13/2022 10:09,30.064
7025517,7/13/2022 10:10,30.064
7025518,7/13/2022 10:11,30.065
7025521,7/13/2022 10:12,30.062
7025523,7/13/2022 10:13,30.064
7025526,7/13/2022 10:14,30.064
7025529,7/13/2022 10:15,30.065
7025531,7/13/2022 10:16,30.064
7025534,7/13/2022 10:17,30.064
7025537,7/13/2022 10:18,30.065
7025538,7/13/2022 10:19,30.065
7025539,7/13/2022 10:20,30.066
7025541,7/13/2022 10:21,30.08
7025544,7/13/2022 10:22,30.067
7025546,7/13/2022 10:23,30.066
7025549,7/13/2022 10:24,30.065
7025551,7/13/2022 10:25,30.066
7025553,7/13/2022 10:26,30.067
7025556,7/13/2022 10:27,30.065
7025557,7/13/2022 10:28,30.064
7025560,7/13/2022 10:29,30.065
7025563,7/13/2022 10:30,30.065
7025564,7/13/2022 10:31,30.066
7025565,7/13/2022 10:32,30.064
7025566,7/13/2022 10:33,30.064
7025569,7/13/2022 10:34,30.064
7025571,7/13/2022 10:35,30.065
7025574,7/13/2022 10:36,30.065
7025577,7/13/2022 10:37,30.065
7025578,7/13/2022 10:38,30.065
7025579,7/13/2022 10:39,30.064
7025580,7/13/2022 10:40,30.065
7025582,7/13/2022 10:41,30.064
7025585,7/13/2022 10:42,30.068
7025588,7/13/2022 10:43,30.067
7025591,7/13/2022 10:44,30.066
7025594,7/13/2022 10:45,30.067
7025596,7/13/2022 10:46,30.067
7025598,7/13/2022 10:52,30.068
7025601,7/13/2022 10:53,30.067
7025603,7/13/2022 10:54,30.07
7025606,7/13/2022 10:55,30.068
7025608,7/13/2022 10:56,30.069
7025609,7/13/2022 10:57,30.066
7025611,7/13/2022 10:58,30.065
7025612,7/13/2022 10:59,30.065
7025613,7/13/2022 11:00,30.066
7025616,7/13/2022 11:01,30.065
7025618,7/13/2022 11:02,30.066
7025621,7/13/2022 11:03,30.065
7025624,7/13/2022 11:04,30.069
7025626,7/13/2022 11:05,30.068
7025627,7/13/2022 11:06,30.068
7025630,7/13/2022 11:07,30.069
7025633,7/13/2022 11:08,30.067
7025636,7/13/2022 11:09,30.067
7025639,7/13/2022 11:10,30.066
7025641,7/13/2022 11:11,30.066
7025642,7/13/2022 11:12,30.066
7025645,7/13/2022 11:13,30.066
7025648,7/13/2022 11:14,30.064
7025651,7/13/2022 11:15,30.065
7025654,7/13/2022 11:16,30.064
7025657,7/13/2022 11:17,30.066
7025660,7/13/2022 11:18,30.064
7025661,7/13/2022 11:19,30.064
7025662,7/13/2022 11:20,30.062
7025663,7/13/2022 11:21,30.063
7025665,7/13/2022 11:22,30.064
7025666,7/13/2022 11:23,30.064
7025669,7/13/2022 11:24,30.064
7025670,7/13/2022 11:25,30.064
7025672,7/13/2022 11:26,30.064
7025674,7/13/2022 11:27,30.065
7025676,7/13/2022 11:28,30.064
7025679,7/13/2022 11:29,30.064
7025680,7/13/2022 11:30,30.065
7025682,7/13/2022 11:31,30.065
7025685,7/13/2022 11:32,30.064
7025687,7/13/2022 11:33,30.065
7025690,7/13/2022 11:34,30.066
7025692,7/13/2022 11:35,30.064
7025695,7/13/2022 11:36,30.064
7025698,7/13/2022 11:37,30.062
7025701,7/13/2022 11:38,30.062
7025702,7/13/2022 11:39,30.065
7025703,7/13/2022 11:40,30.063
7025704,7/13/2022 11:41,30.065
7025707,7/13/2022 11:42,30.064
7025708,7/13/2022 11:43,30.064
7025711,7/13/2022 11:44,30.066
7025714,7/13/2022 11:45,30.066
7025715,7/13/2022 11:46,30.065
7025717,7/13/2022 11:52,30.06
7025720,7/13/2022 11:53,30.062
7025722,7/13/2022 11:54,30.06
7025723,7/13/2022 11:55,30.059
7025725,7/13/2022 11:56,30.06
7025727,7/13/2022 11:57,30.06
7025728,7/13/2022 11:58,30.06
7025729,7/13/2022 11:59,30.059
7025731,7/13/2022 12:00,30.058
7025734,7/13/2022 12:01,30.059
7025737,7/13/2022 12:02,30.059
7025740,7/13/2022 12:03,30.062
7025743,7/13/2022 12:04,30.06
7025744,7/13/2022 12:05,30.058
7025746,7/13/2022 12:06,30.057
7025748,7/13/2022 12:07,30.059
7025750,7/13/2022 12:08,30.058
7025751,7/13/2022 12:09,30.058
7025752,7/13/2022 12:10,30.056
7025755,7/13/2022 12:11,30.058
7025757,7/13/2022 12:12,30.054
7025759,7/13/2022 12:13,30.055
7025760,7/13/2022 12:14,30.056
7025763,7/13/2022 12:15,30.055
7025766,7/13/2022 12:16,30.055
7025769,7/13/2022 12:17,30.055
7025772,7/13/2022 12:18,30.054
7025773,7/13/2022 12:19,30.054
7025776,7/13/2022 12:20,30.052
7025777,7/13/2022 12:21,30.051
7025780,7/13/2022 12:22,30.052
7025781,7/13/2022 12:23,30.052
7025784,7/13/2022 12:24,30.053
7025787,7/13/2022 12:25,30.052
7025789,7/13/2022 12:26,30.052
7025792,7/13/2022 12:27,30.051
7025795,7/13/2022 12:28,30.052
7025796,7/13/2022 12:29,30.052
7025798,7/13/2022 12:30,30.052
7025799,7/13/2022 12:31,30.05
7025802,7/13/2022 12:32,30.048
7025804,7/13/2022 12:33,30.047
7025805,7/13/2022 12:34,30.047
7025807,7/13/2022 12:35,30.048
7025809,7/13/2022 12:36,30.047
7025812,7/13/2022 12:37,30.05
7025814,7/13/2022 12:38,30.048
7025817,7/13/2022 12:39,30.05
7025818,7/13/2022 12:40,30.052
7025819,7/13/2022 12:41,30.052
7025822,7/13/2022 12:42,30.053
7025825,7/13/2022 12:43,30.053
7025826,7/13/2022 12:44,30.053
7025829,7/13/2022 12:45,30.053
7025832,7/13/2022 12:46,30.053
7025833,7/13/2022 12:51,30.055
7025834,7/13/2022 12:52,30.05
7025835,7/13/2022 12:53,30.051
7025837,7/13/2022 12:54,30.049
7025838,7/13/2022 12:55,30.048
7025841,7/13/2022 12:56,30.05
7025844,7/13/2022 12:57,30.049
7025846,7/13/2022 12:58,30.05
7025848,7/13/2022 12:59,30.048
7025849,7/13/2022 13:00,30.048
7025852,7/13/2022 13:01,30.049
7025855,7/13/2022 13:02,30.05
7025858,7/13/2022 13:03,30.051
7025861,7/13/2022 13:04,30.05
7025864,7/13/2022 13:05,30.051
7025865,7/13/2022 13:06,30.049
7025868,7/13/2022 13:07,30.049
7025870,7/13/2022 13:08,30.048
7025871,7/13/2022 13:09,30.047
7025872,7/13/2022 13:10,30.047
7025874,7/13/2022 13:11,30.048
7025875,7/13/2022 13:12,30.048
7025877,7/13/2022 13:13,30.045
7025878,7/13/2022 13:14,30.046
7025881,7/13/2022 13:15,30.047
7025884,7/13/2022 13:16,30.045
7025887,7/13/2022 13:17,30.046
7025889,7/13/2022 13:18,30.045
7025892,7/13/2022 13:19,30.044
7025895,7/13/2022 13:20,30.044
7025898,7/13/2022 13:21,30.043
7025900,7/13/2022 13:22,30.042
7025903,7/13/2022 13:23,30.045
7025906,7/13/2022 13:24,30.044
7025907,7/13/2022 13:25,30.045
7025909,7/13/2022 13:26,30.042
7025912,7/13/2022 13:27,30.043
7025915,7/13/2022 13:28,30.041
7025917,7/13/2022 13:29,30.04
7025918,7/13/2022 13:30,30.04
7025920,7/13/2022 13:31,30.04
7025921,7/13/2022 13:32,30.041
7025924,7/13/2022 13:33,30.04
7025926,7/13/2022 13:34,30.042
7025928,7/13/2022 13:35,30.042
7025929,7/13/2022 13:36,30.041
7025930,7/13/2022 13:37,30.04
7025931,7/13/2022 13:38,30.039
7025932,7/13/2022 13:39,30.04
7025934,7/13/2022 13:40,30.039
7025937,7/13/2022 13:41,30.039
7025940,7/13/2022 13:42,30.038
7025942,7/13/2022 13:43,30.038
7025943,7/13/2022 13:44,30.037
7025946,7/13/2022 13:46,30.034
7025948,7/13/2022 13:53,30.03
7025950,7/13/2022 13:55,30.03
7025951,7/13/2022 13:56,30.031
7025954,7/13/2022 13:57,30.03
7025957,7/13/2022 13:58,30.029
7025959,7/13/2022 13:59,30.029
