"total_sum","prop"
7.82491471112802,0
7.82491471112802,0
7.82491471112802,0
7.82491471112802,0
7.82491471112802,0
13.3989782291379,0.2
13.7574638544297,0.2
13.1593826729807,0.2
12.7761608981929,0.2
13.1939106159172,0.2
18.5635201202384,0.4
19.19775988538,0.4
16.1601942521066,0.4
19.6006048521093,0.4
18.2009385786163,0.4
23.1148567170623,0.6
25.814537353149,0.6
25.8104991709564,0.6
25.1091129301217,0.6
25.1296954291497,0.6
29.8438690697693,0.8
28.3558206169626,0.8
31.4542321743712,0.8
32.0333037634106,0.8
29.9456012225366,0.8
36.2866641555164,1
36.2866641555164,1
36.2866641555164,1
36.2866641555164,1
36.2866641555164,1
7.82491471112802,0
7.82491471112802,0
7.82491471112802,0
7.82491471112802,0
7.82491471112802,0
7.82491471112802,0
7.82491471112802,0
7.82491471112802,0
7.82491471112802,0
7.82491471112802,0
7.82491471112802,0
7.82491471112802,0
7.82491471112802,0
7.82491471112802,0
7.82491471112802,0
7.82491471112802,0
7.82491471112802,0
7.82491471112802,0
7.82491471112802,0
7.82491471112802,0
7.82491471112802,0
7.82491471112802,0
7.82491471112802,0
7.82491471112802,0
7.82491471112802,0
7.82491471112802,0
7.82491471112802,0
7.82491471112802,0
7.82491471112802,0
7.82491471112802,0
7.82491471112802,0
7.82491471112802,0
7.82491471112802,0
7.82491471112802,0
7.82491471112802,0
7.82491471112802,0
7.82491471112802,0
7.82491471112802,0
7.82491471112802,0
7.82491471112802,0
7.82491471112802,0
7.82491471112802,0
7.82491471112802,0
7.82491471112802,0
7.82491471112802,0
7.82491471112802,0
7.82491471112802,0
7.82491471112802,0
7.82491471112802,0
7.82491471112802,0
7.82491471112802,0
7.82491471112802,0
7.82491471112802,0
7.82491471112802,0
7.82491471112802,0
7.82491471112802,0
7.82491471112802,0
7.82491471112802,0
7.82491471112802,0
7.82491471112802,0
7.82491471112802,0
7.82491471112802,0
7.82491471112802,0
7.82491471112802,0
7.82491471112802,0
7.82491471112802,0
7.82491471112802,0
7.82491471112802,0
7.82491471112802,0
7.82491471112802,0
7.82491471112802,0
7.82491471112802,0
7.82491471112802,0
7.82491471112802,0
7.82491471112802,0
7.82491471112802,0
7.82491471112802,0
7.82491471112802,0
7.82491471112802,0
7.82491471112802,0
7.82491471112802,0
7.82491471112802,0
7.82491471112802,0
7.82491471112802,0
7.82491471112802,0
7.82491471112802,0
7.82491471112802,0
7.82491471112802,0
7.82491471112802,0
7.82491471112802,0
7.82491471112802,0
7.82491471112802,0
7.82491471112802,0
7.82491471112802,0
7.82491471112802,0
7.82491471112802,0
7.82491471112802,0
7.82491471112802,0
7.82491471112802,0
7.82491471112802,0
10.5582217172025,0.05
10.5582217172025,0.05
8.63375045782354,0.05
8.77320489690897,0.05
9.40074987279343,0.05
8.7174231212748,0.05
9.27524087761654,0.05
10.1956401755804,0.05
9.19156821416528,0.05
8.70347767736626,0.05
8.36878702356122,0.05
9.81241840079255,0.05
8.96844111162858,0.05
8.79440099546889,0.05
9.73544052659847,0.05
9.83305863395827,0.05
9.26129543370799,0.05
9.40074987279343,0.05
8.59191412609791,0.05
9.49173092503383,0.05
8.75925945300043,0.05
9.06605921898839,0.05
9.42452671520305,0.05
9.10789555071401,0.05
9.10789555071402,0.05
11.1398163159539,0.05
8.45245968701248,0.05
9.0381683311713,0.05
9.33102265325071,0.05
8.78715034081752,0.05
9.32690860784325,0.05
9.01027744335421,0.05
9.08983606139801,0.05
9.21945910198236,0.05
8.55007779437228,0.05
9.28918632152508,0.05
9.24734998979945,0.05
9.42864076061051,0.05
8.53613235046374,0.05
9.14973188243965,0.05
9.30313176543362,0.05
9.01027744335421,0.05
8.84293211645169,0.05
10.1119675121291,0.05
9.81911319004973,0.05
9.1848734249081,0.05
8.92660477990295,0.05
8.619805013915,0.05
8.66164134564063,0.05
8.49429601873811,0.05
9.34496809715925,0.05
8.65494655638345,0.05
9.79122230223264,0.05
9.09395010680547,0.05
9.02422288726275,0.05
8.91265933599441,0.05
8.50824146264665,0.05
9.60993153142158,0.05
9.50819937865431,0.05
11.2554939126297,0.05
8.71078606615541,0.05
8.57796868218937,0.05
9.14973188243965,0.05
8.35484157965267,0.05
9.26129543370799,0.05
8.75925945300043,0.05
9.91673129740953,0.05
8.91265933599441,0.05
9.4565316484276,0.05
9.27524087761654,0.05
9.12914938341171,0.05
9.80516774614118,0.05
9.24734998979945,0.05
9.58463951653129,0.05
9.26129543370799,0.05
9.77316281291664,0.05
8.63375045782354,0.05
8.78715034081752,0.05
9.7772768583241,0.05
9.06605921898839,0.05
8.84293211645169,0.05
8.73136856518334,0.05
9.21945910198236,0.05
9.67296396170712,0.05
9.34496809715925,0.05
9.49836798015323,0.05
9.97982146183285,0.05
10.1398583999462,0.05
9.64765381773975,0.05
9.1357864385311,0.05
10.6279489367452,0.05
8.60585957000645,0.05
8.62711340270415,0.05
9.28918632152508,0.05
8.48035057482956,0.05
8.59191412609791,0.05
9.60993153142158,0.05
9.33102265325071,0.05
8.55007779437228,0.05
8.99633199944567,0.05
10.4632024827695,0.1
9.95856762913516,0.1
10.7188722548479,0.1
10.878966927099,0.1
10.1611122326439,0.1
9.93067674131807,0.1
10.0004039608608,0.1
10.5303308293854,0.1
10.0840766243121,0.1
10.056185736495,0.1
10.8371305953734,0.1
9.34496809715925,0.1
10.3769309463915,0.1
10.6558398245623,0.1
11.2833848004468,0.1
13.1479602387841,0.1
10.6837307123794,0.1
11.339166576081,0.1
10.5721671611111,0.1
10.0077123496499,0.1
10.4632024827695,0.1
10.8371305953734,0.1
10.4260756669062,0.1
10.7813488197392,0.1
9.70754963878138,0.1
11.0742031418186,0.1
10.4704350083438,0.1
10.3629855024829,0.1
10.4466581659342,0.1
10.7813488197392,0.1
11.339166576081,0.1
10.2334383251134,0.1
9.73544052659847,0.1
10.4606036098427,0.1
10.5608205901293,0.1
10.0308937216047,0.1
11.3112756882639,0.1
11.4326706380333,0.1
10.8123763168002,0.1
11.6139614088444,0.1
10.0169482776961,0.1
11.0044759222759,0.1
10.8231851514648,0.1
9.84700407786681,0.1
9.88884040959244,0.1
10.4884944976598,0.1
10.1538038438548,0.1
9.72149508268992,0.1
9.9725130730437,0.1
11.4507301273493,0.1
10.8650214831905,0.1
9.81911319004973,0.1
11.2679241840576,0.1
10.1538038438548,0.1
11.5622936786176,0.1
9.78718412004004,0.1
10.9626395905503,0.1
10.3629855024829,0.1
10.6418943806538,0.1
10.630547809672,0.1
10.2825071824133,0.1
10.4286168056953,0.1
11.6253261089032,0.1
9.26129543370799,0.1
10.2932582829402,0.1
11.1398163159539,0.1
11.0044759222759,0.1
10.9626395905503,0.1
10.7395124880136,0.1
10.056185736495,0.1
10.9208032588247,0.1
9.44258620451906,0.1
11.4088937956237,0.1
11.5696020674068,0.1
10.526216783978,0.1
9.81911319004973,0.1
9.37285898497634,0.1
10.0840766243121,0.1
9.87550856521588,0.1
12.0364387715081,0.1
12.3432385374961,0.1
11.5065119029835,0.1
11.4580385161385,0.1
11.9765429504665,0.1
9.42864076061051,0.1
10.237476507306,0.1
11.1997121369955,0.1
9.40074987279343,0.1
10.6909813670308,0.1
9.93067674131807,0.1
11.9765429504665,0.1
11.4507301273493,0.1
10.4048218342085,0.1
9.84700407786681,0.1
9.59598608751303,0.1
9.62387697533012,0.1
10.8929123710076,0.1
12.9986744011976,0.1
9.96116650206196,0.1
10.7116216001965,0.1
10.5163853854769,0.15
11.6346197710872,0.15
12.0224933275996,0.15
11.8830388885141,0.15
10.7395124880136,0.15
11.5344027908006,0.15
12.8246920191757,0.15
12.2316749862277,0.15
11.7043469906299,0.15
13.3891468306368,0.15
10.4327127220256,0.15
10.3629855024829,0.15
10.9626395905503,0.15
12.6360928595755,0.15
11.0117265769273,0.15
12.2456204301363,0.15
12.0209781551189,0.15
12.3629771977131,0.15
11.8969843324227,0.15
11.2999291172821,0.15
10.7674033758307,0.15
11.4088937956237,0.15
11.520457346892,0.15
13.3473104989112,0.15
11.9946024397825,0.15
12.6918746352097,0.15
11.9600167627082,0.15
12.4129657570388,0.15
11.6320208981604,0.15
11.339166576081,0.15
11.1439303613613,0.15
13.2636378354599,0.15
13.0962925085574,0.15
11.9527661080569,0.15
10.6166023657635,0.15
13.2941275962038,0.15
12.5384747522157,0.15
10.3350946146658,0.15
11.1325837903796,0.15
12.8452745182036,0.15
12.0224933275996,0.15
12.7755472986609,0.15
13.8798362403626,0.15
12.7476564108438,0.15
12.3711294253132,0.15
11.8345655016691,0.15
12.8731654060207,0.15
12.6779291913011,0.15
10.0980220682206,0.15
11.367057463898,0.15
12.0715803139766,0.15
11.9626733697728,0.15
11.0396751988822,0.15
12.3670153799057,0.15
11.5483482347091,0.15
11.673857229886,0.15
11.2694393565382,0.15
12.4966384204901,0.15
12.1480023227765,0.15
11.2792707550393,0.15
12.5524201961242,0.15
11.0184213661845,0.15
11.9207611748323,0.15
11.4088937956237,0.15
12.5876194727305,0.15
12.448165033645,0.15
12.5942565278499,0.15
14.2914866392847,0.15
12.3670153799057,0.15
11.6393292869495,0.15
12.4826929765815,0.15
12.116015518629,0.15
11.6485652149957,0.15
12.9428926255634,0.15
12.5038890751414,0.15
11.2234889794051,0.15
10.7468208768027,0.15
11.4925664590749,0.15
11.1883655660138,0.15
12.0364387715081,0.15
10.830493540254,0.15
11.3112756882639,0.15
12.5942565278499,0.15
12.0782751032338,0.15
12.5803110839413,0.15
12.1553107115656,0.15
12.7616018547524,0.15
11.2554939126297,0.15
11.1997121369955,0.15
11.7435844494287,0.15
11.137293306242,0.15
11.0742031418186,0.15
12.0503842154167,0.15
10.4327127220256,0.15
13.3473104989112,0.15
12.7410193557244,0.15
12.650038303484,0.15
11.673857229886,0.15
11.0742031418186,0.15
13.5564921575393,0.15
15.3487596324843,0.2
14.1634546343959,0.2
14.8606690956853,0.2
14.0265232050224,0.2
12.9707835133805,0.2
14.727909445857,0.2
14.1634546343959,0.2
13.9263243538128,0.2
13.6778871073088,0.2
15.1602182070218,0.2
14.9608679468948,0.2
14.0265232050224,0.2
14.5869398342909,0.2
13.2078560598258,0.2
15.1421587177058,0.2
12.4826929765815,0.2
12.8173836303866,0.2
13.0265652890147,0.2
13.1479783678612,0.2
13.2244003766611,0.2
13.8214555918017,0.2
13.2621226629793,0.2
12.3850748692217,0.2
13.5358519243736,0.2
13.7032549854139,0.2
13.494015592648,0.2
11.2627445672811,0.2
15.3767082544391,0.2
13.8214555918017,0.2
12.2095195805813,0.2
13.8075101478931,0.2
11.8345077675313,0.2
13.9567959854796,0.2
12.4826929765815,0.2
13.7377829283504,0.2
12.9109635555538,0.2
13.9469645869786,0.2
13.4754183670149,0.2
12.7715091164683,0.2
12.9502010143526,0.2
13.7920495315039,0.2
12.5835235564001,0.2
13.6804859802356,0.2
13.2151644486149,0.2
14.0849038535833,0.2
12.9986744011976,0.2
13.0617645656209,0.2
13.1479783678612,0.2
13.138128840283,0.2
13.5704376014479,0.2
13.7935647039846,0.2
13.8426516903616,0.2
14.7032129014216,0.2
14.3513824603263,0.2
14.9928728801193,0.2
13.3473104989112,0.2
12.8551059167047,0.2
12.8246342850379,0.2
14.0684353999629,0.2
13.5968133167843,0.2
14.3513824603263,0.2
14.3095461286007,0.2
14.1102139975507,0.2
12.5695022492767,0.2
14.277617058591,0.2
14.3234915725092,0.2
14.3029090734813,0.2
14.2749604515264,0.2
13.9403275318592,0.2
13.6680557088077,0.2
13.7124909134601,0.2
12.401619186057,0.2
12.1299428334605,0.2
13.0684016207403,0.2
14.6581822263143,0.2
14.7516862882666,0.2
12.4202741458279,0.2
13.5869819182832,0.2
14.3891806098594,0.2
13.2595996532673,0.2
12.3597828543314,0.2
14.0166918065213,0.2
12.1061659910508,0.2
11.6041300103433,0.2
13.9402697977214,0.2
12.8624143054939,0.2
12.5442679685242,0.2
12.3996339126622,0.2
15.2996726461073,0.2
12.057634870068,0.2
12.967283067505,0.2
11.9527661080569,0.2
13.0478191217124,0.2
12.4408566448559,0.2
15.857490402449,0.2
13.9495634599054,0.2
13.1520742841916,0.2
14.7836912214912,0.2
12.4760559214621,0.2
12.861818835039,0.2
16.8042654157493,0.25
14.3333988342252,0.25
15.0904909874791,0.25
14.0192906794481,0.25
14.5073812162471,0.25
12.2177295423192,0.25
14.3307422271606,0.25
13.444928606271,0.25
14.0053452355395,0.25
16.9617793441507,0.25
12.8484111274475,0.25
16.3063434804492,0.25
13.647415475642,0.25
16.9995016304689,0.25
15.7903620558331,0.25
13.9402697977214,0.25
13.396455219426,0.25
14.9681763356839,0.25
14.2914866392847,0.25
16.1158167815919,0.25
14.3234915725092,0.25
15.4562091383452,0.25
15.3095040446084,0.25
13.4104006633345,0.25
13.3546188877004,0.25
16.1880670108466,0.25
14.4908368994118,0.25
14.4655448845215,0.25
14.0585281382469,0.25
16.1069932203221,0.25
16.1184156545187,0.25
14.7418548897655,0.25
13.3989782291379,0.25
14.3095461286007,0.25
13.8911828113444,0.25
14.7697457775826,0.25
15.215999982656,0.25
15.2651447031708,0.25
14.0240001953104,0.25
13.2177633215417,0.25
13.6959465966248,0.25
17.0806512842082,0.25
14.8952547727595,0.25
14.0797819709446,0.25
13.0018868736564,0.25
15.6235544652477,0.25
14.6933815029205,0.25
14.8560173139607,0.25
16.1715408230883,0.25
15.0559053104049,0.25
14.0471815672652,0.25
12.3810366870291,0.25
15.1256902640854,0.25
13.2429976022942,0.25
13.9542729757677,0.25
14.1912877880752,0.25
15.9551085098088,0.25
15.1462727631133,0.25
13.0684016207403,0.25
13.7656738161675,0.25
15.6648530606562,0.25
15.7770120823794,0.25
15.062600099662,0.25
13.800815358636,0.25
15.6622541877294,0.25
13.0198704997575,0.25
14.1593405889884,0.25
14.3659415037668,0.25
14.9795410357428,0.25
15.2258313811571,0.25
16.2923980365406,0.25
13.4309831623625,0.25
14.9304540493657,0.25
16.213377154814,0.25
14.5326732311374,0.25
13.7682726890943,0.25
16.3947256597628,0.25
15.6793362408819,0.25
13.7223223119612,0.25
14.967580865229,0.25
16.680885192585,0.25
13.4801278828772,0.25
15.5538849798427,0.25
13.2775832793685,0.25
14.9536354213205,0.25
14.7836912214912,0.25
17.2520347933033,0.25
13.2151067144771,0.25
16.2831621084945,0.25
13.6753063634591,0.25
15.4391270851927,0.25
17.1084663088104,0.25
14.7418548897655,0.25
13.3464089259625,0.25
17.1855019171423,0.25
13.4687813118955,0.25
15.1142678298887,0.25
13.1520742841916,0.25
14.3792733481434,0.25
15.6055708391465,0.25
17.1962530176692,0.3
16.5201769208019,0.3
16.3208266606748,0.3
16.6457436501166,0.3
15.6581401423219,0.3
16.0806175049857,0.3
14.7697457775826,0.3
18.2985566859761,0.3
16.2020124547551,0.3
14.0332361233566,0.3
16.0460895620492,0.3
15.4391270851927,0.3
16.833671476047,0.3
18.2494119654613,0.3
16.0181409400944,0.3
15.7459268511807,0.3
14.7212723907376,0.3
13.7894687876542,0.3
14.727909445857,0.3
18.3144874032794,0.3
15.3142316895478,0.3
16.5620709866653,0.3
16.9969027575421,0.3
16.8409221306984,0.3
13.8565971342701,0.3
14.7351601005084,0.3
13.4521792609224,0.3
15.5785815242781,0.3
15.5646360803696,0.3
17.1265257981265,0.3
18.1709189187865,0.3
15.6901450755465,0.3
15.7392320619235,0.3
15.2635717965523,0.3
16.6689250220713,0.3
15.8714358463575,0.3
16.2645071487236,0.3
17.6941749529693,0.3
16.7639442565043,0.3
16.8130312428813,0.3
16.63432121592,0.3
14.5982864052726,0.3
17.1084663088104,0.3
15.1840709126463,0.3
17.1477796308241,0.3
15.9542069368601,0.3
16.0878681596371,0.3
16.3388861499908,0.3
14.9748892540182,0.3
17.4431750916926,0.3
14.3241051720412,0.3
14.6375419931486,0.3
17.781961661828,0.3
17.7499748576805,0.3
16.039394772792,0.3
14.8048873200511,0.3
17.1012337832362,0.3
16.1018713376834,0.3
15.2857272021987,0.3
15.5884310518563,0.3
17.7267934857258,0.3
17.8549013538295,0.3
16.8786444170166,0.3
16.815611986731,0.3
16.969011869725,0.3
15.6720855862305,0.3
16.164290168437,0.3
16.3766661704468,0.3
18.4513429694381,0.3
15.5234133481759,0.3
15.7764166119245,0.3
16.5466103702761,0.3
15.7598722950892,0.3
17.3430158455438,0.3
17.5940338358975,0.3
15.8539899565735,0.3
17.0428531346752,0.3
15.3488173666221,0.3
14.4702544003838,0.3
15.7459268511807,0.3
15.6761996316379,0.3
16.2159578986637,0.3
15.5951258411135,0.3
15.7517200674891,0.3
14.4448865222787,0.3
15.3348719227135,0.3
16.2479628318882,0.3
15.4112361973756,0.3
16.1715408230883,0.3
15.0590996537866,0.3
17.1084663088104,0.3
15.4251816412842,0.3
15.6483087438209,0.3
15.7392897960613,0.3
14.0658365270361,0.3
14.3519960598583,0.3
18.5521554201796,0.3
15.9231217056613,0.3
17.3693338267424,0.3
18.7514479461689,0.3
18.5794508375418,0.35
18.7612793446699,0.35
17.9771978765476,0.35
16.4531063083238,0.35
20.7621726128488,0.35
17.8795797691878,0.35
17.8853729854963,0.35
18.635770349493,0.35
18.7866472227751,0.35
17.4013206308899,0.35
19.2979010024518,0.35
19.6671954624081,0.35
16.8781066806995,0.35
17.5129023112353,0.35
19.3191548351495,0.35
18.3537248620783,0.35
18.3661551335062,0.35
20.0649004174216,0.35
16.9829754427106,0.35
17.7040822146852,0.35
18.0222285516549,0.35
18.4405918689112,0.35
19.2101901568079,0.35
19.448720141596,0.35
17.3921028319208,0.35
18.1404291580427,0.35
18.931281278637,0.35
17.9106831294637,0.35
19.6325916562568,0.35
17.4922439489925,0.35
16.6834840655118,0.35
17.2520347933033,0.35
16.3972667985518,0.35
17.1550302854755,0.35
17.2438825657033,0.35
19.2281919119861,0.35
15.9690539537174,0.35
15.7279432250795,0.35
18.653829838809,0.35
18.8867883398468,0.35
17.580088391989,0.35
17.659589275895,0.35
18.9312235444993,0.35
17.7804464893473,0.35
18.5210701889808,0.35
18.6259966851297,0.35
19.2880696039507,0.35
16.3528893280372,0.35
17.7221417040012,0.35
17.6989025979087,0.35
18.3429160274136,0.35
18.8868460739846,0.35
17.331669274562,0.35
18.7236147924895,0.35
16.1607897225615,0.35
19.1837567073337,0.35
16.4504497012592,0.35
17.4824702846292,0.35
17.3595024282413,0.35
15.6835080204271,0.35
17.4964157285377,0.35
16.6390488608594,0.35
17.9452688065379,0.35
15.5998353569758,0.35
15.8600892753758,0.35
16.1085083928028,0.35
18.2618422368892,0.35
19.0986266055396,0.35
16.192181056254,0.35
18.1312113590735,0.35
17.1436837144938,0.35
17.7015014708355,0.35
17.9246104442951,0.35
18.9286246715725,0.35
18.6145742509331,0.35
18.116652315633,0.35
16.4530304451089,0.35
17.9451929433231,0.35
20.1904275416756,0.35
17.8476506991781,0.35
17.3461524547877,0.35
18.3005419593709,0.35
17.006810019258,0.35
18.6776644153565,0.35
18.7778236615053,0.35
18.0387151343525,0.35
17.5030527836571,0.35
19.3856877113105,0.35
19.4347746976875,0.35
20.1904094125985,0.35
18.1011916992438,0.35
18.319139185004,0.35
19.2142464680776,0.35
17.9106072662488,0.35
18.1265018432112,0.35
16.6203757720114,0.35
16.5202346549397,0.35
17.171498739096,0.35
19.6982806936069,0.35
17.0315065636934,0.35
18.798463894671,0.4
20.347923341,0.4
17.7753246067086,0.4
19.4141921986595,0.4
19.535587148429,0.4
17.2825245540472,0.4
20.0763228516183,0.4
18.7541045532334,0.4
17.8688286686609,0.4
17.2758874989278,0.4
20.5849958874452,0.4
19.9492409498229,0.4
18.2839976425356,0.4
18.3470300728211,0.4
16.4710899344249,0.4
18.0754295834394,0.4
20.1445348986803,0.4
20.3371903695502,0.4
19.0215909972077,0.4
18.8197177273687,0.4
19.9859553989098,0.4
17.5800306578512,0.4
19.8697400659169,0.4
19.6160654684985,0.4
19.4905564733217,0.4
20.3577547395011,0.4
18.9213740169211,0.4
21.1134075834892,0.4
19.9786470101207,0.4
19.2534839268764,0.4
19.9156145798351,0.4
20.9301315392833,0.4
18.4865422460443,0.4
18.7163064037004,0.4
19.4120634266469,0.4
19.3888820546922,0.4
18.0681211946502,0.4
18.7261559312786,0.4
21.1361188545298,0.4
19.2912639473324,0.4
18.4585936240894,0.4
20.2256086892048,0.4
19.2700101146347,0.4
17.8894870309037,0.4
18.9658092215735,0.4
17.4364621733583,0.4
21.201732028665,0.4
18.2938290410366,0.4
19.1001417780202,0.4
18.8770146754835,0.4
21.9016608311568,0.4
19.8179964724753,0.4
21.0803370788956,0.4
18.6570241821907,0.4
19.1616590358251,0.4
20.9992632883711,0.4
19.8950320808072,0.4
19.6021777587278,0.4
17.8754838528574,0.4
20.529214111811,0.4
20.8949899968149,0.4
19.5184473611387,0.4
18.328432847188,0.4
19.8098442448753,0.4
20.7368805979585,0.4
18.5826451809234,0.4
17.4849932943411,0.4
21.2043309015918,0.4
21.6061499020128,0.4
18.7023609597919,0.4
21.2223722618307,0.4
21.4202073494771,0.4
19.611413686774,0.4
17.7784612159525,0.4
17.6311606517608,0.4
20.1878286687488,0.4
16.5341223647105,0.4
20.6997537820952,0.4
18.5143753997236,0.4
19.0443022682483,0.4
21.2011942923479,0.4
19.2560646707261,0.4
19.5076962606119,0.4
18.942570115481,0.4
23.8203388742273,0.4
19.6259727302145,0.4
18.7194430129443,0.4
20.17646396869,0.4
17.5243066163548,0.4
19.4275240430361,0.4
20.8572099763589,0.4
20.7457041592283,0.4
20.2674450209304,0.4
17.4736467233594,0.4
19.9647593003499,0.4
18.7163064037004,0.4
20.0277917306354,0.4
19.3052093912409,0.4
18.3403930177017,0.4
19.6160654684985,0.4
20.4455414483598,0.45
22.1427715597946,0.45
21.6965173547212,0.45
21.7244841057532,0.45
20.434194877378,0.45
21.2017897628028,0.45
20.4931709963939,0.45
22.1402485500827,0.45
22.788989624527,0.45
18.5242645323625,0.45
19.6326675194717,0.45
19.7122261375155,0.45
21.2683226389638,0.45
20.9269949300394,0.45
18.9539925496776,0.45
19.869664202702,0.45
22.2889389172143,0.45
20.6810988223243,0.45
18.5867014921931,0.45
19.7540624692411,0.45
22.4382247548008,0.45
20.4373892207597,0.45
20.569535271056,0.45
20.6646303687039,0.45
20.4873777800854,0.45
19.02630051307,0.45
20.0468590571827,0.45
17.4990146014645,0.45
21.1665904861966,0.45
20.0649762806365,0.45
20.63414060796,0.45
17.3987976211779,0.45
21.3798861902322,0.45
22.0736579397839,0.45
19.1486151648652,0.45
20.5251181954807,0.45
18.6802055541455,0.45
20.8112595992258,0.45
19.6931010768304,0.45
20.7787169296842,0.45
21.2642085935564,0.45
21.3406487314333,0.45
18.9074285730125,0.45
21.7662445742639,0.45
22.4109474665157,0.45
21.3551896457968,0.45
21.9408982899556,0.45
21.0829359518224,0.45
19.4611504130239,0.45
21.8194456060484,0.45
21.3345494126311,0.45
18.8795558142725,0.45
18.4652884133466,0.45
18.6910143888101,0.45
20.7621726128488,0.45
18.7055553031735,0.45
19.8113594173559,0.45
20.7203544102003,0.45
22.2378666574425,0.45
20.6087908589319,0.45
20.8597907202086,0.45
22.0198614375445,0.45
21.917121447546,0.45
19.8795137302802,0.45
20.5741870527806,0.45
18.4710238955173,0.45
20.1599377809317,0.45
20.0065956320755,0.45
21.3345494126311,0.45
21.545716344654,0.45
22.3447206928485,0.45
20.943481512737,0.45
20.416748987594,0.45
20.4315960044512,0.45
19.0427870957676,0.45
20.0370095296046,0.45
19.3568952505447,0.45
23.0803287741258,0.45
20.4202494334695,0.45
21.3618267009162,0.45
19.7999551122364,0.45
18.9426278496188,0.45
22.8168805123441,0.45
22.2823018620949,0.45
20.0117175147143,0.45
21.6407537081641,0.45
19.8490817036741,0.45
19.2938050861214,0.45
22.292133260596,0.45
20.1697691794328,0.45
22.4077349940569,0.45
20.5980397584051,0.45
20.1067548782244,0.45
19.8179964724753,0.45
21.0410996200968,0.45
20.873812027332,0.45
19.8728766751608,0.45
18.7122682215078,0.45
20.7761939199722,0.45
20.4905902525442,0.45
21.2953119538322,0.5
20.943481512737,0.5
23.334847210355,0.5
21.794135462081,0.5
21.3107725702214,0.5
23.8885509212893,0.5
22.5865027551561,0.5
20.5085738786453,0.5
20.9926262332517,0.5
21.7843040635799,0.5
23.1614025646502,0.5
23.2099336856331,0.5
23.363333568627,0.5
22.8959013940708,0.5
20.8991040422223,0.5
18.8729187591531,0.5
22.6175302522171,0.5
22.0756432131787,0.5
23.3912244564441,0.5
21.9031182694997,0.5
20.9187849683016,0.5
23.0245469984916,0.5
21.3061207884969,0.5
22.4423388002083,0.5
20.818567988015,0.5
22.5260114636595,0.5
23.7300291556566,0.5
21.6733541118436,0.5
20.6744040330672,0.5
20.0582814913793,0.5
21.7285222879458,0.5
19.7695230856303,0.5
22.9449702513707,0.5
22.5725573112475,0.5
20.6784999493976,0.5
22.1614446486426,0.5
21.5498303900615,0.5
23.4150194279308,0.5
23.4914414367307,0.5
23.8580792896225,0.5
22.0173384278326,0.5
21.4733902521845,0.5
22.5724995771097,0.5
21.2714592482077,0.5
20.3923585456524,0.5
23.9024963651979,0.5
22.3566808633622,0.5
19.507100790157,0.5
24.485624265507,0.5
19.6909723048178,0.5
20.128008710922,0.5
20.6677669779478,0.5
20.8386127507258,0.5
21.3412623309653,0.5
21.4874115593079,0.5
21.7982495074885,0.5
21.9614989180606,0.5
22.1335537608255,0.5
20.8784638090566,0.5
22.8308259562527,0.5
22.0550607141507,0.5
22.8147517403315,0.5
23.2450752281015,0.5
22.4242793108923,0.5
23.5167515806981,0.5
23.3183028935197,0.5
22.4257944833729,0.5
23.0942742180343,0.5
20.7390093699712,0.5
20.9672583551466,0.5
22.1459840322534,0.5
24.4324232337225,0.5
21.3034641814323,0.5
21.7063668822994,0.5
21.0173046486101,0.5
22.6308620965936,0.5
22.6241673073364,0.5
23.6840210443857,0.5
20.9760819164164,0.5
23.095175790983,0.5
22.1148806719775,0.5
19.8671411929901,0.5
23.288896833222,0.5
22.341220246973,0.5
22.0410575361044,0.5
20.9920126337198,0.5
21.0551027981431,0.5
22.5652489224584,0.5
22.7491385661962,0.5
21.6433344520138,0.5
21.0442939634785,0.5
24.5068599691276,0.5
20.8484441492269,0.5
20.2116632452962,0.5
20.8180302516978,0.5
20.1000996940279,0.5
23.5905747165712,0.5
22.1640435215694,0.5
22.1081858827203,0.5
22.6866438722278,0.5
23.4682023306382,0.55
23.8752190769128,0.55
21.4461129638994,0.55
21.8252388223569,0.55
24.5027640527972,0.55
22.9005531757954,0.55
20.4182641600747,0.55
22.7425015110768,0.55
23.0704215124098,0.55
22.7636976096367,0.55
23.5208474970285,0.55
21.5710842227592,0.55
21.9522629900144,0.55
23.3307331649476,0.55
23.8096059027775,0.55
23.5538602674843,0.55
25.0992815316207,0.55
23.3984751110955,0.55
22.4315876996814,0.55
22.9237345477501,0.55
22.5100807463562,0.55
22.101548827601,0.55
23.3566387793699,0.55
23.9768753664652,0.55
21.9925841492594,0.55
23.5167515806981,0.55
23.8275895288786,0.55
24.5414060411411,0.55
23.826074356398,0.55
24.0951337069907,0.55
24.7511831702242,0.55
22.8859941323549,0.55
22.9408743350403,0.55
21.763721564552,0.55
21.2131544628616,0.55
24.7154461573008,0.55
22.8121709964818,0.55
25.594604593994,0.55
23.5440288689832,0.55
23.1934074978748,0.55
22.2264442232459,0.55
22.7703923988939,0.55
24.9138189812644,0.55
23.13611054976,0.55
23.0358935694734,0.55
23.1748102722417,0.55
21.9408982899556,0.55
24.0399655308885,0.55
23.4191334733383,0.55
24.7816729309681,0.55
24.7883099860875,0.55
24.1468195662945,0.55
25.3156379816853,0.55
21.9098130587568,0.55
25.8031907821672,0.55
23.8508286349712,0.55
23.1722113993149,0.55
20.5143670949538,0.55
24.1649367897483,0.55
21.5323845002775,0.55
21.822102213113,0.55
26.2665270403931,0.55
22.6340745690524,0.55
24.6143276040656,0.55
23.1402064660903,0.55
23.3328619369602,0.55
24.6529514633324,0.55
26.4478755453419,0.55
23.0942742180343,0.55
24.0146735159982,0.55
24.4504827230385,0.55
22.3804577057718,0.55
25.7857448923832,0.55
23.0073890821243,0.55
23.7471112088091,0.55
23.1329162063783,0.55
24.4888186088887,0.55
24.0399655308885,0.55
24.1131931963067,0.55
24.0910377906603,0.55
22.1427896888717,0.55
22.847370273088,0.55
25.1664098782366,0.55
23.297662660354,0.55
24.6416048923507,0.55
24.0114610435394,0.55
23.7651706981251,0.55
20.7581344306562,0.55
22.2058617242179,0.55
24.3668100595873,0.55
23.0631889868356,0.55
21.7037680093726,0.55
21.8825357704717,0.55
22.5922382373268,0.55
22.4888269136585,0.55
23.6463564922054,0.55
22.3970020226072,0.55
22.0033352497863,0.55
23.9934774174383,0.55
24.8786774387959,0.55
26.0196808295845,0.6
24.6602779811986,0.6
22.5710421387669,0.6
23.5126375352906,0.6
25.1137647118463,0.6
25.8342182792282,0.6
23.624201086559,0.6
27.2567112920374,0.6
23.2790654347209,0.6
22.5849298485376,0.6
22.8096298576928,0.6
24.7578960885584,0.6
22.0384586631776,0.6
25.3615883588184,0.6
24.7407381721911,0.6
24.9432827756999,0.6
23.6562060197835,0.6
25.4690955988171,0.6
24.2976964395765,0.6
24.0425644038153,0.6
25.5149882418124,0.6
25.9147543334356,0.6
22.4051542502072,0.6
24.5306549406143,0.6
21.870575599958,0.6
25.1064563230572,0.6
24.7825745039168,0.6
25.0812220423047,0.6
22.034420480985,0.6
25.9365459024504,0.6
23.7718077532445,0.6
23.8333827451871,0.6
24.8023131641338,0.6
26.054822372053,0.6
26.2453309418332,0.6
25.7546596611844,0.6
26.1451898247614,0.6
24.4722742920533,0.6
23.826074356398,0.6
26.2107452647589,0.6
25.1370038179388,0.6
25.8130221806683,0.6
23.8473281890957,0.6
23.9072240101373,0.6
24.6561639357912,0.6
25.7314782892297,0.6
25.5042371412855,0.6
26.5314904746554,0.6
24.1622801826837,0.6
23.9629876566944,0.6
24.3633096137118,0.6
24.130351112674,0.6
23.3566387793699,0.6
26.9891489848483,0.6
24.3560589590604,0.6
25.3084631902488,0.6
26.0712908256735,0.6
22.9196205023427,0.6
25.2950554826574,0.6
26.1704241055139,0.6
25.2738775131746,0.6
23.8473281890957,0.6
25.3993106451366,0.6
25.5707700174466,0.6
25.1689510170256,0.6
24.1375836382483,0.6
23.3002615332808,0.6
23.8859701774396,0.6
22.1666242654191,0.6
22.8400618842989,0.6
25.3575320475487,0.6
26.926672419957,0.6
25.6947638401428,0.6
24.9644788742598,0.6
22.6242250414742,0.6
26.3641451477529,0.6
26.435445273914,0.6
25.2346219252986,0.6
24.5372919957337,0.6
21.6242093913288,0.6
25.1312106016303,0.6
24.8792910383279,0.6
23.7563471368553,0.6
25.3090009265659,0.6
25.6084923037647,0.6
25.1508915277096,0.6
24.1788063704419,0.6
24.7511831702242,0.6
25.7784942377318,0.6
26.4405671565528,0.6
25.5733507612963,0.6
21.5266490181068,0.6
27.3821625530765,0.6
24.0440795762959,0.6
24.3813691030278,0.6
25.4789451263952,0.6
23.6799828621931,0.6
22.4403535268135,0.6
25.0852783535743,0.6
24.112291623358,0.6
25.5806014159476,0.65
28.2090577890881,0.65
26.7593270930544,0.65
26.410095524886,0.65
27.5149799370426,0.65
27.0728397773766,0.65
24.4133559071752,0.65
25.5135308034695,0.65
26.0713485598112,0.65
25.9432588207846,0.65
25.0155511340316,0.65
29.1672371075079,0.65
24.9417676032192,0.65
27.2287626700826,0.65
25.8874770451505,0.65
25.6503286354904,0.65
25.5600189169197,0.65
24.0885147809484,0.65
25.0089140789122,0.65
24.207310857791,0.65
27.4746587777976,0.65
27.2189890057193,0.65
25.0992237974829,0.65
26.6012176941981,0.65
25.3714956205344,0.65
25.3223327709425,0.65
24.5274605972326,0.65
25.9127690600408,0.65
26.7619259659812,0.65
25.4225497512291,0.65
23.3420978650064,0.65
27.912147155739,0.65
27.3279536840608,0.65
26.9958041690448,0.65
23.6587867636332,0.65
28.1155355980586,0.65
26.410095524886,0.65
25.1508915277096,0.65
26.5666897512616,0.65
25.5806772791625,0.65
26.7102582357545,0.65
24.5001651798704,0.65
27.26074947423,0.65
26.1064901022797,0.65
23.8581370237603,0.65
27.1450900066313,0.65
26.9514266985301,0.65
26.7453816491459,0.65
27.0588943334681,0.65
23.9139187993945,0.65
27.3749118984252,0.65
26.8842983519142,0.65
26.9080174601861,0.65
25.201551420705,0.65
25.8801686563613,0.65
25.4345099217428,0.65
24.7325282104533,0.65
26.0785992144626,0.65
26.2174400540161,0.65
27.3304948228498,0.65
23.3215153659785,0.65
25.3394906873098,0.65
28.0588522494758,0.65
26.4246364392494,0.65
24.8136597351155,0.65
25.0048000335048,0.65
26.1270726013076,0.65
28.2163480488001,0.65
23.5750563660442,0.65
24.3952964178592,0.65
25.5109500596198,0.65
27.7561483998182,0.65
24.5626598738388,0.65
24.8833869546583,0.65
26.3543714833896,0.65
27.0376982349082,0.65
27.0417364171008,0.65
26.1131271573991,0.65
24.1164056687655,0.65
26.6364169708043,0.65
27.1532999683691,0.65
27.0335841895007,0.65
27.2566535578996,0.65
26.6988358015579,0.65
26.3017263169993,0.65
24.9153918878828,0.65
27.0515678156019,0.65
25.2361370977793,0.65
25.1762412767377,0.65
26.6027328666788,0.65
27.0867670922081,0.65
25.3787281461086,0.65
26.1106041476872,0.65
27.4188770021634,0.65
27.1884992449754,0.65
25.978382234176,0.65
27.0728216482996,0.65
27.8677300801636,0.65
24.6044203423496,0.65
25.2221916538708,0.65
28.1704158007441,0.7
25.9711315795246,0.7
26.2474597138458,0.7
26.6849480917871,0.7
28.142524912927,0.7
26.8316531855239,0.7
27.5840935570533,0.7
28.4461303355333,0.7
27.06141734318,0.7
28.8371982354274,0.7
27.1399681239926,0.7
29.1811825514164,0.7
27.4798383945741,0.7
29.8226729712094,0.7
26.8177077416154,0.7
28.1564703568356,0.7
28.6280165767992,0.7
28.6930920146174,0.7
24.9598270925352,0.7
28.295924795921,0.7
28.5995879526651,0.7
26.9333853382912,0.7
27.2427658481289,0.7
28.5535798413942,0.7
28.8676879961713,0.7
28.3098702398295,0.7
27.902853493555,0.7
26.4690716439018,0.7
29.262274471018,0.7
27.8357251469391,0.7
25.4551682839856,0.7
27.5707617126767,0.7
29.1254007757822,0.7
27.3232441681985,0.7
27.912147155739,0.7
29.4394511964216,0.7
27.8145290483792,0.7
28.5742200745599,0.7
25.8171362260758,0.7
26.0992394476283,0.7
27.5635110580254,0.7
28.449324678915,0.7
27.3238577677304,0.7
27.0195810114544,0.7
29.0768696547994,0.7
26.036762882737,0.7
27.0687257319692,0.7
28.6585063375431,0.7
27.8186430937866,0.7
27.4461542904485,0.7
27.9373814364915,0.7
27.319743722323,0.7
26.6477635417861,0.7
28.111497415866,0.7
28.295924795921,0.7
25.5068360142123,0.7
26.9400223934106,0.7
28.1704158007441,0.7
26.5387988634445,0.7
26.1131271573991,0.7
28.9833655928471,0.7
28.8929800110616,0.7
28.4854255284699,0.7
28.7044567146762,0.7
29.1884332060678,0.7
28.3517065715552,0.7
29.6486328550497,0.7
30.0458000737461,0.7
28.4001799584002,0.7
25.8735316012419,0.7
26.1311866467151,0.7
27.3935091240583,0.7
27.9193978103903,0.7
27.230335576701,0.7
27.0268894002436,0.7
27.3542716652594,0.7
27.8258178852231,0.7
27.4798383945741,0.7
27.5051485385415,0.7
27.2541305481877,0.7
26.573326806381,0.7
27.9539257533268,0.7
25.8874770451505,0.7
29.4089614356777,0.7
26.180255504015,0.7
25.7924396816404,0.7
26.9194398943827,0.7
24.8276233081012,0.7
27.9932209462634,0.7
27.702907762973,0.7
25.5940091235391,0.7
26.9472549189849,0.7
30.2901232748427,0.7
28.3975810854734,0.7
27.9932390753405,0.7
26.2804724843016,0.7
27.6651854766549,0.7
28.648674939042,0.7
27.031003445651,0.7
28.1672791915002,0.7
28.1812246354087,0.75
29.6346874111412,0.75
28.8743250512907,0.75
29.292688368547,0.75
28.3113854123102,0.75
30.6077318754953,0.75
29.5065795430375,0.75
28.9348163427872,0.75
28.5051064545492,0.75
31.3918133436176,0.75
29.8990372458715,0.75
29.4182550978616,0.75
29.8438690697693,0.75
30.0007693986388,0.75
30.4295777139281,0.75
29.4853257103398,0.75
27.9333432542989,0.75
30.6919422752637,0.75
29.9249428602938,0.75
30.8824689741209,0.75
29.1021616696897,0.75
28.7880535149126,0.75
28.7668755454298,0.75
26.6724600862215,0.75
27.700366624184,0.75
30.0809416162146,0.75
29.425505752513,0.75
30.3107635080084,0.75
28.3459710893845,0.75
29.5231238598728,0.75
28.648674939042,0.75
30.1991422226023,0.75
29.6362025836218,0.75
28.1006885812014,0.75
29.2509097709591,0.75
29.3805328115435,0.75
28.6439472941026,0.75
26.2500585867726,0.75
30.7198331630808,0.75
28.6651433926625,0.75
27.2401851042792,0.75
29.4296016688434,0.75
28.8439111537617,0.75
30.0596877835169,0.75
29.2090734392335,0.75
29.223018883142,0.75
27.0588943334681,0.75
29.6067965233241,0.75
28.3098702398295,0.75
28.8531289527308,0.75
28.9301068269248,0.75
28.1983066885612,0.75
28.6626203829506,0.75
30.2869108023839,0.75
29.0768696547994,0.75
30.2203960553,0.75
28.2024207339687,0.75
30.2901232748427,0.75
28.0490208509747,0.75
27.9466750986754,0.75
29.7528880175289,0.75
29.3697239768788,0.75
28.5469427862748,0.75
29.5297609149922,0.75
30.4016868261111,0.75
28.0170159177501,0.75
28.6863972253602,0.75
27.9998761304599,0.75
30.2130876665108,0.75
30.4780511007732,0.75
29.7668334614375,0.75
30.1573058908767,0.75
29.6346874111412,0.75
28.3098702398295,0.75
30.2901232748427,0.75
30.2590957777817,0.75
31.1474324083832,0.75
27.8775614786647,0.75
27.51909398245,0.75
30.96619937171,0.75
29.2788006587762,0.75
29.0629242108909,0.75
29.3041108027436,0.75
26.9711076246094,0.75
28.2514895912686,0.75
28.9136383733044,0.75
27.4870890492255,0.75
29.272105869519,0.75
30.3293607336415,0.75
27.6052896556132,0.75
29.3836694207874,0.75
28.9874037750397,0.75
28.1073256363208,0.75
27.2148749603118,0.75
28.9792515474396,0.75
26.0899457854444,0.75
29.2581604256105,0.75
30.6919422752637,0.75
30.6593418715842,0.75
28.9234697718055,0.75
29.864509302935,0.8
29.9972689527633,0.8
29.2163240938849,0.8
29.1062757150972,0.8
30.5199451666366,0.8
30.7848508667611,0.8
29.9342365224778,0.8
29.8200922273597,0.8
29.4952329720557,0.8
31.0472912913115,0.8
30.3943784373219,0.8
30.7642683677332,0.8
30.2343414992085,0.8
29.7947243492545,0.8
30.0039060078827,0.8
32.9092678567221,0.8
28.6135333965736,0.8
31.9955814770925,0.8
30.7709631569904,0.8
30.9217641670575,0.8
30.6913286757317,0.8
29.4533966403301,0.8
30.0391052844889,0.8
29.7364195639084,0.8
30.8964144180295,0.8
30.8758319190015,0.8
31.1686862410809,0.8
30.2311290267498,0.8
31.9356856560508,0.8
30.6666502603734,0.8
28.8258516644457,0.8
28.8537425522627,0.8
30.956905709526,0.8
30.4336736302585,0.8
32.4237761928498,0.8
30.7192376926259,0.8
29.3484701441811,0.8
29.6878703138485,0.8
30.7782138116417,0.8
31.0219811473441,0.8
30.9873954702699,0.8
31.4748724075369,0.8
29.7157612016656,0.8
32.1933984356618,0.8
31.9775219877765,0.8
30.3639645397929,0.8
28.9487617866957,0.8
29.8619104300082,0.8
30.5690321530136,0.8
32.2424854220388,0.8
28.9905981184214,0.8
30.1408193081791,0.8
30.1785597235744,0.8
29.9563341939864,0.8
31.454289908509,0.8
28.4214337910979,0.8
31.4238182768422,0.8
31.7683403291483,0.8
29.6971062418947,0.8
29.5617658482168,0.8
32.3090182981998,0.8
30.4574686017452,0.8
31.8799038804166,0.8
30.1934067404316,0.8
32.1834911739458,0.8
29.627379022352,0.8
29.9388883042023,0.8
32.1169764268619,0.8
29.8552156407511,0.8
30.5059419885903,0.8
31.9077947682337,0.8
31.1129044654468,0.8
29.7668334614375,0.8
30.066996172306,0.8
31.2105225728066,0.8
31.128365081836,0.8
29.9734921103537,0.8
31.65677677788,0.8
30.5411412651965,0.8
31.5188375112752,0.8
29.913596289312,0.8
30.5690321530136,0.8
30.6666502603734,0.8
31.1892687401089,0.8
31.9563258892165,0.8
30.066996172306,0.8
30.4919965446817,0.8
29.7389425736204,0.8
30.861886475093,0.8
29.9946700798365,0.8
31.0684692607943,0.8
29.1950702611872,0.8
30.1852545128315,0.8
30.9987420412516,0.8
30.238455544616,0.8
31.2704002647711,0.8
29.6625782989583,0.8
30.879945964409,0.8
31.991467431685,0.8
30.2968180640999,0.8
33.4139027103564,0.85
32.0931814553752,0.85
33.0998522897171,0.85
30.3221282080673,0.85
31.0545238168858,0.85
30.3081827641587,0.85
33.3581209347223,0.85
31.4615405631603,0.85
32.5911215197524,0.85
31.5452132266116,0.85
32.8487765652255,0.85
32.6747941832036,0.85
32.1867036464046,0.85
30.4993049334709,0.85
31.8101766608739,0.85
32.7305759588378,0.85
32.2145945342217,0.85
32.2285399781302,0.85
32.1143775539351,0.85
32.2770133649753,0.85
31.8520129925996,0.85
31.8142907062814,0.85
32.6887396271122,0.85
32.9955393931001,0.85
32.7140316420025,0.85
32.0611946512277,0.85
32.8601989994221,0.85
31.1268499093553,0.85
32.2212315893411,0.85
32.623050589762,0.85
30.7363774799161,0.85
31.5657957256395,0.85
30.5969230408307,0.85
30.861886475093,0.85
31.5452132266116,0.85
31.5452132266116,0.85
33.3555220617955,0.85
30.6666502603734,0.85
33.6230843689846,0.85
30.8168557999857,0.85
31.5493272720191,0.85
32.9882887384488,0.85
32.2703763098559,0.85
31.043177245904,0.85
31.0710681337211,0.85
32.344217574806,0.85
32.0054128755935,0.85
31.2517453050002,0.85
32.8043990947109,0.85
31.6288858900629,0.85
32.500140467512,0.85
33.4139027103564,0.85
33.8993943742286,0.85
32.0193583195021,0.85
32.144867314679,0.85
32.1727582024961,0.85
33.0513211687343,0.85
31.7192533427713,0.85
32.0054128755935,0.85
31.6774170110457,0.85
31.1097678562029,0.85
31.0917083668869,0.85
31.8101766608739,0.85
30.994090259527,0.85
32.9118667296489,0.85
33.3860118225393,0.85
32.7511584578657,0.85
30.9734500263613,0.85
31.5312677827031,0.85
32.4098307489413,0.85
30.7921592555503,0.85
33.4696844859906,0.85
32.277071099113,0.85
30.6387593725563,0.85
31.9676905892754,0.85
33.6230843689846,0.85
32.3886346503814,0.85
33.2465573834539,0.85
32.5001982016497,0.85
30.4993049334709,0.85
32.0446503343924,0.85
31.886540935536,0.85
32.1350359161779,0.85
31.6634715671371,0.85
30.861886475093,0.85
32.3302540018204,0.85
32.0818348843934,0.85
33.0646530131109,0.85
32.1841047734778,0.85
31.0824147047029,0.85
30.505999722728,0.85
31.705250164725,0.85
31.5731041144287,0.85
30.3459050504769,0.85
31.5844506854104,0.85
32.0906007115255,0.85
32.3952717055008,0.85
32.6469032953865,0.85
32.3746314723351,0.85
31.3287231791943,0.85
34.250629344869,0.9
33.6370298128931,0.9
33.4417935981735,0.9
33.609138925076,0.9
31.5141857295506,0.9
32.8560849540147,0.9
33.4417935981735,0.9
32.3540489733071,0.9
33.5016894192151,0.9
33.2883937151795,0.9
33.3720663786308,0.9
33.0373757248258,0.9
34.1948475692349,0.9
33.6437246021503,0.9
32.4516670806669,0.9
34.6271563303997,0.9
33.5853620826664,0.9
33.5295803070322,0.9
34.2898668036679,0.9
33.915938691064,0.9
33.8157217107774,0.9
33.7175081329627,0.9
33.3023391590881,0.9
33.3720663786308,0.9
33.8741023593384,0.9
33.7346479202529,0.9
33.8528485266407,0.9
33.9996113545152,0.9
33.6509752568017,0.9
32.5911215197524,0.9
32.939757617466,0.9
34.1251203496921,0.9
32.4377216367584,0.9
33.5574711948493,0.9
34.2366839009605,0.9
32.7558679737281,0.9
33.856944442971,0.9
33.2883937151795,0.9
32.6050669636609,0.9
32.8421395101061,0.9
33.7552881534186,0.9
33.6690347461177,0.9
34.3343020083203,0.9
34.404029227863,0.9
33.2883937151795,0.9
33.8741023593384,0.9
33.9856659106067,0.9
34.1266355221728,0.9
32.7929947895914,0.9
31.8520129925996,0.9
33.7764842519786,0.9
33.9577750227896,0.9
34.2924656765947,0.9
33.5115208177162,0.9
34.0972294618751,0.9
33.427848154265,0.9
34.250629344869,0.9
33.2326119395454,0.9
34.0150719709045,0.9
33.3999572664479,0.9
34.3621928961374,0.9
32.3049619869301,0.9
34.7666107694851,0.9
34.250629344869,0.9
32.32615808549,0.9
33.4836299298991,0.9
33.2326119395454,0.9
32.2564308659473,0.9
33.0652666126428,0.9
34.1390657936007,0.9
33.5812480372589,0.9
33.8880478032469,0.9
34.2924656765947,0.9
33.3648157239794,0.9
31.0684692607943,0.9
32.9258121735574,0.9
33.915938691064,0.9
32.3819398611242,0.9
33.9996113545152,0.9
33.9272852620457,0.9
33.5435257509408,0.9
32.5606317590085,0.9
33.6509752568017,0.9
33.6855031997381,0.9
32.4377216367584,0.9
33.8183205837042,0.9
33.8601569154298,0.9
33.6065400521492,0.9
33.121048388277,0.9
33.6994486436467,0.9
32.2424854220388,0.9
33.2605028273624,0.9
31.9635765438679,0.9
34.0972294618751,0.9
33.1628847200026,0.9
33.8250153729614,0.9
33.3131479937527,0.9
33.8880478032469,0.9
33.5878850923783,0.9
33.8224346291116,0.9
35.3662648575525,0.95
35.1152468671987,0.95
35.303232427267,0.95
35.3941557453696,0.95
34.6968835499424,0.95
35.2686467501927,0.95
35.0873559793816,0.95
35.380210301461,0.95
35.2547013062841,0.95
35.5893919600892,0.95
34.557429110857,0.95
34.8642288768449,0.95
35.5196647405465,0.95
34.9757924281133,0.95
34.5713745547655,0.95
34.5827211257473,0.95
35.4359920770952,0.95
33.9438295788811,0.95
35.1849740867414,0.95
35.1126479942719,0.95
34.5155927791314,0.95
35.2547013062841,0.95
33.9996113545152,0.95
34.2712695780347,0.95
35.2407558623756,0.95
35.2965376380098,0.95
34.8197936721925,0.95
34.557429110857,0.95
35.352319413644,0.95
35.2686467501927,0.95
34.2924656765947,0.95
34.6689926621253,0.95
35.5615010722721,0.95
35.1358293662266,0.95
34.1669566814178,0.95
35.6007385310709,0.95
35.0521567027754,0.95
35.2825921941012,0.95
35.1431377550158,0.95
34.557429110857,0.95
34.1251203496921,0.95
35.3662648575525,0.95
34.3621928961374,0.95
33.1809442093186,0.95
35.3104830819183,0.95
34.0316162877398,0.95
34.7805562133937,0.95
34.756779370984,0.95
34.9200106524791,0.95
35.6983566384307,0.95
35.2686467501927,0.95
34.1669566814178,0.95
35.0176287598389,0.95
35.5196647405465,0.95
35.1570831989243,0.95
35.0734105354731,0.95
35.0661598808217,0.95
35.400792800489,0.95
34.8264307273119,0.95
34.8223925451193,0.95
35.1710286428329,0.95
34.8502834329364,0.95
33.9856659106067,0.95
35.5475556283636,0.95
35.380210301461,0.95
35.0036833159304,0.95
34.5295382230399,0.95
34.6271563303997,0.95
35.3244285258269,0.95
35.3450110248548,0.95
34.7247744377595,0.95
34.4179746717715,0.95
35.637923081072,0.95
35.4778284088208,0.95
34.9339560963877,0.95
34.5295382230399,0.95
34.8084471012108,0.95
34.8781743207535,0.95
35.2547013062841,0.95
34.2826342780936,0.95
35.19891953065,0.95
34.9034663356438,0.95
35.4359920770952,0.95
35.3383739697354,0.95
34.6271563303997,0.95
34.9757924281133,0.95
35.3383739697354,0.95
34.5853199986741,0.95
35.1431377550158,0.95
34.1390657936007,0.95
35.4499375210038,0.95
34.097229461875,0.95
35.380210301461,0.95
35.2547013062841,0.95
35.3244285258269,0.95
33.7764842519786,0.95
34.6756297172447,0.95
35.1710286428329,0.95
34.6663937891985,0.95
35.1916111418608,0.95
36.2866641555164,1
36.2866641555164,1
36.2866641555164,1
36.2866641555164,1
36.2866641555164,1
36.2866641555164,1
36.2866641555164,1
36.2866641555164,1
36.2866641555164,1
36.2866641555164,1
36.2866641555164,1
36.2866641555164,1
36.2866641555164,1
36.2866641555164,1
36.2866641555164,1
36.2866641555164,1
36.2866641555164,1
36.2866641555164,1
36.2866641555164,1
36.2866641555164,1
36.2866641555164,1
36.2866641555164,1
36.2866641555164,1
36.2866641555164,1
36.2866641555164,1
36.2866641555164,1
36.2866641555164,1
36.2866641555164,1
36.2866641555164,1
36.2866641555164,1
36.2866641555164,1
36.2866641555164,1
36.2866641555164,1
36.2866641555164,1
36.2866641555164,1
36.2866641555164,1
36.2866641555164,1
36.2866641555164,1
36.2866641555164,1
36.2866641555164,1
36.2866641555164,1
36.2866641555164,1
36.2866641555164,1
36.2866641555164,1
36.2866641555164,1
36.2866641555164,1
36.2866641555164,1
36.2866641555164,1
36.2866641555164,1
36.2866641555164,1
36.2866641555164,1
36.2866641555164,1
36.2866641555164,1
36.2866641555164,1
36.2866641555164,1
36.2866641555164,1
36.2866641555164,1
36.2866641555164,1
36.2866641555164,1
36.2866641555164,1
36.2866641555164,1
36.2866641555164,1
36.2866641555164,1
36.2866641555164,1
36.2866641555164,1
36.2866641555164,1
36.2866641555164,1
36.2866641555164,1
36.2866641555164,1
36.2866641555164,1
36.2866641555164,1
36.2866641555164,1
36.2866641555164,1
36.2866641555164,1
36.2866641555164,1
36.2866641555164,1
36.2866641555164,1
36.2866641555164,1
36.2866641555164,1
36.2866641555164,1
36.2866641555164,1
36.2866641555164,1
36.2866641555164,1
36.2866641555164,1
36.2866641555164,1
36.2866641555164,1
36.2866641555164,1
36.2866641555164,1
36.2866641555164,1
36.2866641555164,1
36.2866641555164,1
36.2866641555164,1
36.2866641555164,1
36.2866641555164,1
36.2866641555164,1
36.2866641555164,1
36.2866641555164,1
36.2866641555164,1
36.2866641555164,1
36.2866641555164,1
