"","ch4_diffusion_sim","co2_diffusion_sim","site","date","ord1","ord2","flux_round_diffusion_CH4","flux_round_diffusion_CO2","ch4_diffusion_difference","co2_diffusion_difference","ch4_ebullition_sim","flux_round_ebullition_CH4","ch4_ebullition_difference","ordeb1","ordeb2","sim_co2_eq","calc_co2_eq","co2_eq_diff"
"1",0.0130289010040443,4.02800335492899,"Deans",2022-08-16,1,1,0.0121,3.22,0.000928901004044348,0.80800335492899,0.00196826436756879,0.0232,-0.0212317356324312,"0~1","0~1",4.43292681996255,4.1731,0.259826819962544
"2",0.0157263764371166,4.15432116169608,"Deans",2022-08-16,1,2,0.0121,3.22,0.00362637643711657,0.934321161696084,0.0253244140914436,0.0232,0.00212441409144363,"0~1","1~2",5.26269250596721,4.1731,1.08959250596721
"3",0.0112631461729748,2.59769205069898,"Deans",2022-08-16,1,3,0.0121,3.22,-0.000836853827025244,-0.62230794930102,0.0132574696633384,0.0232,-0.00994253033666163,"0~1","2~3",3.25974867827943,4.1731,-0.913351321720566
"4",0.0120104071373994,2.96248432579596,"Deans",2022-08-16,1,4,0.0121,3.22,-8.95928626006067e-05,-0.257515674204043,0.00572777971446625,0.0232,-0.0174722202855338,"0~1","3~4",3.44141537079633,4.1731,-0.731684629203672
"5",0.0108241681706604,3.32455651311375,"Deans",2022-08-16,1,5,0.0121,3.22,-0.0012758318293396,0.104556513113752,0.038535022925896,0.0232,0.015335022925896,"0~1","4~5",4.65725467272078,4.1731,0.484154672720774
"6",0.0122724834681492,3.51991274972602,"Deans",2022-08-16,1,6,0.0121,3.22,0.000172483468149248,0.299912749726022,0.00605907599482945,0.0232,-0.0171409240051705,"0~1","5~6",4.01486485522645,4.1731,-0.158235144773553
"7",0.0124697136332092,3.78963911388928,"Deans",2022-08-16,1,7,0.0121,3.22,0.000369713633209172,0.569639113889282,0.0134337929474086,0.0232,-0.0097662070525914,"0~1","6~7",4.48903379156596,4.1731,0.315933791565961
"8",0.0129052932300038,4.03089256506371,"Deans",2022-08-16,1,8,0.0121,3.22,0.000805293230003779,0.81089256506371,0.00571471151093603,0.0232,-0.017485288489064,"0~1","7~8",4.53363269306908,4.1731,0.360532693069084
"9",0.0160193273374604,4.16803951285072,"Deans",2022-08-16,2,2,0.0121,3.22,0.00391932733746041,0.948039512850717,0.0437812907339599,0.0232,0.0205812907339599,"1~2","1~2",5.78265620077907,4.1731,1.60955620077906
"10",0.0114309497921865,2.43429651262551,"Deans",2022-08-16,2,3,0.0121,3.22,-0.000669050207813522,-0.785703487374488,0.0274622245150517,0.0232,0.00426222451505168,"1~2","2~3",3.48441221892094,4.1731,-0.688687781079059
"11",0.0126025490563898,2.83750163312932,"Deans",2022-08-16,2,4,0.0121,3.22,0.000502549056389823,-0.382498366870676,0.0118719335240704,0.0232,-0.0113280664759296,"1~2","3~4",3.49831266280175,4.1731,-0.674787337198251
"12",0.0115207560704605,3.24702586992563,"Deans",2022-08-16,2,5,0.0121,3.22,-0.000579243929539506,0.0270258699256258,0.0610241708186341,0.0232,0.0378241708186341,"1~2","4~5",5.20573889593118,4.1731,1.03263889593118
"13",0.0136060676023607,3.46455224064017,"Deans",2022-08-16,2,6,0.0121,3.22,0.00150606760236068,0.244552240640168,0.0146805024281358,0.0232,-0.00851949757186424,"1~2","5~6",4.22828963146357,4.1731,0.0551896314635716
"14",0.0141658942848674,3.790913799631,"Deans",2022-08-16,2,7,0.0121,3.22,0.00206589428486736,0.570913799631002,0.0271131006942165,0.0232,0.00391310069421652,"1~2","6~7",4.90544666406627,4.1731,0.732346664066267
"15",0.0152166854424528,4.15040354813411,"Deans",2022-08-16,2,8,0.0121,3.22,0.00311668544245284,0.930403548134115,0.0166119425890649,0.0232,-0.00658805741093511,"1~2","7~8",5.00977650498509,4.1731,0.836676504985093
"16",0.0107383538263134,2.17259542199633,"Deans",2022-08-16,3,3,0.0121,3.22,-0.00136164617368657,-1.04740457800367,0.0228162340671891,0.0232,-0.000383765932810923,"2~3","2~3",3.0785692951209,4.1731,-1.0945307048791
"17",0.0113828145643795,2.36972115304482,"Deans",2022-08-16,3,4,0.0121,3.22,-0.000717185435620472,-0.850278846955177,0.0117457136234594,0.0232,-0.0114542863765406,"2~3","3~4",2.99419141411647,4.1731,-1.17890858588353
"18",0.00933478818136019,2.5827200447912,"Deans",2022-08-16,3,5,0.0121,3.22,-0.00276521181863981,-0.637279955208804,0.0190094307600916,0.0232,-0.00419056923990838,"2~3","4~5",3.3480139562104,4.1731,-0.825086043789605
"19",0.0109660738254276,2.52267461222292,"Deans",2022-08-16,3,6,0.0121,3.22,-0.00113392617457241,-0.697325387777082,0.0115001177284431,0.0232,-0.0116998822715569,"2~3","5~6",3.12926178417743,4.1731,-1.04383821582257
"20",0.0108314231065051,2.64744235426736,"Deans",2022-08-16,3,7,0.0121,3.22,-0.00126857689349485,-0.572557645732642,0.02086451079351,0.0232,-0.00233548920648999,"2~3","6~7",3.50323256956777,4.1731,-0.669867430432233
"21",0.010936720305831,2.74927549592242,"Deans",2022-08-16,3,8,0.0121,3.22,-0.00116327969416902,-0.470724504077585,0.0132026506291937,0.0232,-0.00999734937080633,"2~3","7~8",3.40103851116808,4.1731,-0.77206148883192
"22",0.0114690048196118,2.39608477159962,"Deans",2022-08-16,4,4,0.0121,3.22,-0.000630995180388193,-0.823915228400377,0.0119469221220226,0.0232,-0.0112530778779774,"3~4","3~4",3.02831479902375,4.1731,-1.14478520097625
"23",0.00920480593273473,2.67275962607431,"Deans",2022-08-16,4,5,0.0121,3.22,-0.00289519406726527,-0.547240373925687,0.0443407008672806,0.0232,0.0211407008672806,"3~4","4~5",4.11848830967473,4.1731,-0.0546116903252729
"24",0.0111991349775401,2.64713278510486,"Deans",2022-08-16,4,6,0.0121,3.22,-0.000900865022459892,-0.572867214895143,0.00738242997955485,0.0232,-0.0158175700204451,"3~4","5~6",3.14883503894642,4.1731,-1.02426496105358
"25",0.0111363379283296,2.84707089031375,"Deans",2022-08-16,4,7,0.0121,3.22,-0.000963662071670391,-0.372929109686247,0.0378183877359571,0.0232,0.0146183877359571,"3~4","6~7",4.16884848324949,4.1731,-0.00425151675050639
"26",0.0114355234510148,3.10173404427681,"Deans",2022-08-16,4,8,0.0121,3.22,-0.00066447654898521,-0.118265955723194,0.0122853040040998,0.0232,-0.0109146959959002,"3~4","7~8",3.7421963855649,4.1731,-0.430903614435099
"27",0.00889859104965491,2.71017769862312,"Deans",2022-08-16,5,5,0.0121,3.22,-0.00320140895034509,-0.50982230137688,0.0488817784118174,0.0232,0.0256817784118174,"4~5","4~5",4.27024767408287,4.1731,0.0971476740828709
"28",0.0107939028494768,2.73175147035752,"Deans",2022-08-16,5,6,0.0121,3.22,-0.00130609715052324,-0.488248529642479,0.0138162623127196,0.0232,-0.00938373768728042,"4~5","5~6",3.39622592973682,4.1731,-0.776874070263178
"29",0.0103832379004113,3.01883688709937,"Deans",2022-08-16,5,7,0.0121,3.22,-0.00171676209958867,-0.201163112900631,0.0283713639551481,0.0232,0.00517136395514809,"4~5","6~7",4.06521113719947,4.1731,-0.107888862800527
"30",0.0102478469292143,3.44468480530823,"Deans",2022-08-16,5,8,0.0121,3.22,-0.00185215307078572,0.224684805308228,0.0327777482528571,0.0232,0.00957774825285707,"4~5","7~8",4.60637587522415,4.1731,0.433275875224154
"31",0.0121138617025934,2.98394777730439,"Deans",2022-08-16,6,6,0.0121,3.22,1.38617025933988e-05,-0.236052222695615,0.0139074145286491,0.0232,-0.00929258547135085,"5~6","5~6",3.68652223554793,4.1731,-0.486577764452067
"32",0.0109489709993532,3.08136518500379,"Deans",2022-08-16,6,7,0.0121,3.22,-0.00115102900064682,-0.138634814996207,0.0397346095615007,0.0232,0.0165346095615007,"5~6","6~7",4.44982186014685,4.1731,0.276721860146846
"33",0.0112991098911165,3.64354039125996,"Deans",2022-08-16,6,8,0.0121,3.22,-0.000800890108883465,0.423540391259962,0.0110940029545643,0.0232,-0.0121059970454357,"5~6","7~8",4.24815443809334,4.1731,0.0750544380933427
"34",0.010926346591748,3.13174958942784,"Deans",2022-08-16,7,7,0.0121,3.22,-0.00117365340825203,-0.0882504105721589,0.0199964611106103,0.0232,-0.0032035388893897,"6~7","6~7",3.96666539739151,4.1731,-0.206434602608486
"35",0.011301455316338,3.88823846107676,"Deans",2022-08-16,7,8,0.0121,3.22,-0.00079854468366195,0.668238461076764,0.0194613376645646,0.0232,-0.00373866233543541,"6~7","7~8",4.71883387156114,4.1731,0.545733871561135
"36",0.0113897563109391,4.06631674982953,"Deans",2022-08-16,8,8,0.0121,3.22,-0.000710243689060893,0.846316749829526,0.0238463596490385,0.0232,0.000646359649038534,"7~8","7~8",5.01769188074892,4.1731,0.844591880748921
"37",0.00822265149757445,1.91816693031228,"Deans",2022-08-30,1,1,0.0064,1.1893,0.00182265149757445,0.728866930312283,0.0238871523007376,0.038,-0.0141128476992624,"0~1","0~1",2.78513163286671,2.3881,0.397031632866708
"38",0.0064015795806932,1.39577602771752,"Deans",2022-08-30,1,2,0.0064,1.1893,1.57958069319647e-06,0.206476027717519,0.0305847802800791,0.038,-0.00741521971992092,"0~1","1~2",2.39440774395837,2.3881,0.00630774395837053
"39",0.00794551758154154,1.19084984488719,"Deans",2022-08-30,1,3,0.0064,1.1893,0.00154551758154154,0.0015498448871909,0.063546238485259,0.038,0.025546238485259,"0~1","2~3",3.12112725869081,2.3881,0.733027258690805
"40",0.00593481499622647,1.18416439840088,"Deans",2022-08-30,1,4,0.0064,1.1893,-0.000465185003773535,-0.00513560159912241,0.0343315673530842,0.038,-0.00366843264691583,"0~1","3~4",2.27135672183226,2.3881,-0.116743278167736
"41",0.00662746758156825,1.25728849002382,"Deans",2022-08-30,1,5,0.0064,1.1893,0.000227467581568249,0.0679884900238192,0.030457260474147,0.038,-0.00754273952585304,"0~1","4~5",2.25857614752813,2.3881,-0.12952385247187
"42",0.0069845830092,1.5306246552444,"Deans",2022-08-30,1,6,0.0064,1.1893,0.000584583009199998,0.341324655244395,0.0260232792486733,0.038,-0.0119767207513267,"0~1","5~6",2.42183693620697,2.3881,0.0337369362069748
"43",0.00791968351919711,1.82810505195512,"Deans",2022-08-30,1,7,0.0064,1.1893,0.00151968351919711,0.638805051955123,0.023261751637795,0.038,-0.014738248362205,"0~1","6~7",2.67000380119391,2.3881,0.28190380119391
"44",0.00793290285891041,1.89444660065217,"Deans",2022-08-30,1,8,0.0064,1.1893,0.00153290285891041,0.70514660065217,0.025570879665196,0.038,-0.012429120334804,"0~1","7~8",2.79904872880304,2.3881,0.410948728803044
"45",0.00615881781334533,1.32613762542008,"Deans",2022-08-30,2,2,0.0064,1.1893,-0.000241182186654673,0.136837625420076,0.0307798070708471,0.038,-0.0072201929291529,"1~2","1~2",2.32348049729327,2.3881,-0.0646195027067291
"46",0.00764470897327162,1.00396162399975,"Deans",2022-08-30,2,3,0.0064,1.1893,0.00124470897327162,-0.185338376000248,0.033125043332389,0.038,-0.00487495666761097,"1~2","2~3",2.10474493625259,2.3881,-0.283355063747411
"47",0.00483597049032251,0.853086704960167,"Deans",2022-08-30,2,4,0.0064,1.1893,-0.0015640295096775,-0.336213295039833,0.0343918041789923,0.038,-0.00360819582100774,"1~2","3~4",1.91223662103167,2.3881,-0.475863378968335
"48",0.00545742187168477,0.873635240063577,"Deans",2022-08-30,2,5,0.0064,1.1893,-0.000942578128315235,-0.315664759936423,0.0178370401088403,0.038,-0.0201629598911597,"1~2","4~5",1.50258571353775,2.3881,-0.885514286462247
"49",0.00545995408367965,1.08229084944144,"Deans",2022-08-30,2,6,0.0064,1.1893,-0.000940045916320352,-0.107009150558558,0.0297675520545095,0.038,-0.00823244794549046,"1~2","5~6",2.03343351517255,2.3881,-0.35466648482745
"50",0.00643456207951778,1.40051290091865,"Deans",2022-08-30,2,7,0.0064,1.1893,3.45620795177762e-05,0.211212900918651,0.0328328025709915,0.038,-0.00516719742900847,"1~2","6~7",2.4607317464824,2.3881,0.0726317464824016
"51",0.00608196401601566,1.42100326740856,"Deans",2022-08-30,2,8,0.0064,1.1893,-0.00031803598398434,0.231703267408555,0.0218152648002205,0.038,-0.0161847351997795,"1~2","7~8",2.17422844544693,2.3881,-0.213871554553069
"52",0.00785678524838853,0.95797852095964,"Deans",2022-08-30,3,3,0.0064,1.1893,0.00145678524838853,-0.23132147904036,0.0639054358000544,0.038,0.0259054358000544,"2~3","2~3",2.8955584892676,2.3881,0.507458489267598
"53",0.00490559021588362,0.701207781906223,"Deans",2022-08-30,3,4,0.0064,1.1893,-0.00149440978411638,-0.488092218093777,0.0360509011439307,0.038,-0.00194909885606933,"2~3","3~4",1.80703304862121,2.3881,-0.581066951378792
"54",0.00575568939533036,0.68630579838229,"Deans",2022-08-30,3,5,0.0064,1.1893,-0.000644310604669638,-0.50299420161771,0.0459687710006913,0.038,0.00796877100069125,"2~3","4~5",2.08286622907487,2.3881,-0.305233770925126
"55",0.00596906693037144,0.865617049329018,"Deans",2022-08-30,3,6,0.0064,1.1893,-0.00043093306962856,-0.323682950670982,0.0350970467716793,0.038,-0.00290295322832073,"2~3","5~6",1.97440211928439,2.3881,-0.413697880715613
"56",0.00741747899812165,1.23478501387635,"Deans",2022-08-30,3,7,0.0064,1.1893,0.00101747899812165,0.0454850138763456,0.0528522414135425,0.038,0.0148522414135425,"2~3","6~7",2.86206746499128,2.3881,0.473967464991277
"57",0.00712172277054672,1.23640982664092,"Deans",2022-08-30,3,8,0.0064,1.1893,0.000721722770546715,0.0471098266409238,0.0377587308913437,0.038,-0.000241269108656267,"2~3","7~8",2.44818207551197,2.3881,0.0600820755119655
"58",0.0042523073897695,0.644368463520053,"Deans",2022-08-30,4,4,0.0064,1.1893,-0.0021476926102305,-0.544931536479947,0.0398038655480937,0.038,0.00180386554809368,"3~4","3~4",1.83388513284236,2.3881,-0.554214867157641
"59",0.00495949348079859,0.59528280926987,"Deans",2022-08-30,4,5,0.0064,1.1893,-0.00144050651920141,-0.59401719073013,0.0482230410063344,0.038,0.0102230410063344,"3~4","4~5",2.03121124042246,2.3881,-0.356888759577538
"60",0.00456241948804575,0.765329777626525,"Deans",2022-08-30,4,6,0.0064,1.1893,-0.00183758051195425,-0.423970222373475,0.0341477369975435,0.038,-0.00385226300245654,"3~4","5~6",1.81050400273743,2.3881,-0.577595997262566
"61",0.00602457534584651,1.232921703386,"Deans",2022-08-30,4,7,0.0064,1.1893,-0.000375424654153491,0.0436217033859989,0.0345327501977521,0.038,-0.00346724980224789,"3~4","6~7",2.32796949306316,2.3881,-0.0601305069368387
"62",0.00511656298336704,1.23242891615123,"Deans",2022-08-30,4,8,0.0064,1.1893,-0.00128343701663296,0.0431289161512345,0.0232397365782189,0.038,-0.0147602634217811,"3~4","7~8",1.99804900431405,2.3881,-0.390050995685947
"63",0.00501950814704059,0.591117202515914,"Deans",2022-08-30,5,5,0.0064,1.1893,-0.00138049185295941,-0.598182797484086,0.054370515517723,0.038,0.016370515517723,"4~5","4~5",2.19464784146453,2.3881,-0.193452158535469
"64",0.00470975073064978,0.769564638934106,"Deans",2022-08-30,5,6,0.0064,1.1893,-0.00169024926935022,-0.419735361065894,0.0380700751756539,0.038,7.00751756538553e-05,"4~5","5~6",1.9246199384043,2.3881,-0.463480061595696
"65",0.00643575942401583,1.28875353357549,"Deans",2022-08-30,5,7,0.0064,1.1893,3.57594240158309e-05,0.0994535335754863,0.016101301987893,0.038,-0.021898698012107,"4~5","6~7",1.89725419169702,2.3881,-0.490845808302975
"66",0.00552943189093449,1.29674659458542,"Deans",2022-08-30,5,8,0.0064,1.1893,-0.000870568109065508,0.107446594585425,0.012024206268006,0.038,-0.025975793731994,"4~5","7~8",1.77069482487682,2.3881,-0.617405175123182
"67",0.00465465267192432,0.801305952655458,"Deans",2022-08-30,6,6,0.0064,1.1893,-0.00174534732807568,-0.387994047344542,0.0382605651548971,0.038,0.000260565154897113,"5~6","5~6",1.96001683397964,2.3881,-0.428083166020364
"68",0.0066850673068042,1.45485432971162,"Deans",2022-08-30,6,7,0.0064,1.1893,0.0002850673068042,0.265554329711616,0.041007497028467,0.038,0.00300749702846702,"5~6","6~7",2.74255356676394,2.3881,0.354453566763938
"69",0.00557066156394115,1.51506180105092,"Deans",2022-08-30,6,8,0.0064,1.1893,-0.000829338436058849,0.325761801050924,0.0163891790841329,0.038,-0.0216108209158671,"5~6","7~8",2.10797749854892,2.3881,-0.280122501451077
"70",0.00693866829347117,1.53648322974456,"Deans",2022-08-30,7,7,0.0064,1.1893,0.000538668293471169,0.347183229744561,0.0266369210637359,0.038,-0.0113630789362641,"6~7","6~7",2.44302414238915,2.3881,0.0549241423891513
"71",0.00596346962139352,1.70155545669552,"Deans",2022-08-30,7,8,0.0064,1.1893,-0.00043653037860648,0.512255456695517,0.0146515707675607,0.038,-0.0233484292324393,"6~7","7~8",2.25816154719728,2.3881,-0.12993845280272
"72",0.00583738989454116,1.72289701701629,"Deans",2022-08-30,8,8,0.0064,1.1893,-0.000562610105458837,0.533597017016294,0.0105847173680793,0.038,-0.0274152826319207,"7~8","7~8",2.16629391310705,2.3881,-0.221806086892952
"73",0.0100050502984725,4.14032509994056,"Catfish",2022-09-06,1,1,0.0117,3.1362,-0.00169494970152754,1.00412509994056,0.0394050141368046,0.1223,-0.0828949858631954,"0~1","0~1",5.47439683969304,6.7542,-1.27980316030696
"74",0.0204130712801381,4.10848967627477,"Catfish",2022-09-06,1,2,0.0117,3.1362,0.00871307128013811,0.97228967627477,0.0479130442084434,0.1223,-0.0743869557915566,"0~1","1~2",5.95329479446647,6.7542,-0.800905205533531
"75",0.0124830227011972,3.62054511951124,"Catfish",2022-09-06,1,3,0.0117,3.1362,0.000783022701197195,0.484345119511237,0.070613803680418,0.1223,-0.051686196319582,"0~1","2~3",5.86415943181485,6.7542,-0.890040568185154
"76",0.0152434148339725,3.14610332938506,"Catfish",2022-09-06,1,4,0.0117,3.1362,0.00354341483397248,0.00990332938505789,0.156588338146676,0.1223,0.0342883381466762,"0~1","3~4",7.78556065986257,6.7542,1.03136065986257
"77",0.00702651575623379,3.21070101871042,"Catfish",2022-09-06,1,5,0.0117,3.1362,-0.00467348424376621,0.07450101871042,0.0504197497764856,0.1223,-0.0718802502235144,"0~1","4~5",4.76175018809384,6.7542,-1.99244981190616
"78",0.00935621652226044,3.5412631794529,"Catfish",2022-09-06,1,6,0.0117,3.1362,-0.00234378347773956,0.405063179452897,0.0630944537174146,0.1223,-0.0592055462825854,"0~1","5~6",5.49743127592412,6.7542,-1.25676872407588
"79",0.00885351886745479,3.7945175634022,"Catfish",2022-09-06,1,7,0.0117,3.1362,-0.00284648113254521,0.658317563402199,0.0746957805980268,0.1223,-0.0476042194019732,"0~1","6~7",6.0503486489702,6.7542,-0.703851351029799
"80",0.0102907765043033,3.9655114586833,"Catfish",2022-09-06,1,8,0.0117,3.1362,-0.00140922349569669,0.829311458683301,0.0581392236816646,0.1223,-0.0641607763183354,"0~1","7~8",5.81312146370444,6.7542,-0.941078536295565
"81",0.0219235815727168,4.10386941895587,"Catfish",2022-09-06,2,2,0.0117,3.1362,0.0102235815727168,0.967669418955873,0.0433549756641545,0.1223,-0.0789450243358455,"1~2","1~2",5.8663904643514,6.7542,-0.887809535648601
"82",0.0143259177436511,3.52876961735433,"Catfish",2022-09-06,2,3,0.0117,3.1362,0.00262591774365105,0.392569617354333,0.104041266070936,0.1223,-0.0182587339290643,"1~2","2~3",6.72468358034818,6.7542,-0.0295164196518254
"83",0.0192128728697314,2.93680315874629,"Catfish",2022-09-06,2,4,0.0117,3.1362,0.00751287286973143,-0.199396841253711,0.159161262699882,0.1223,0.0368612626998825,"1~2","3~4",7.75290481912586,6.7542,0.998704819125864
"84",0.0106899248747708,2.96293143866921,"Catfish",2022-09-06,2,5,0.0117,3.1362,-0.00101007512522924,-0.17326856133079,0.0715628569032372,0.1223,-0.0507371430967628,"1~2","4~5",5.18375654667543,6.7542,-1.57044345332458
"85",0.0150950681306067,3.31963830546744,"Catfish",2022-09-06,2,6,0.0117,3.1362,0.00339506813060672,0.18343830546744,0.0591054492247224,0.1223,-0.0631945507752776,"1~2","5~6",5.32305227406133,6.7542,-1.43114772593868
"86",0.0157700523595366,3.59074781212302,"Catfish",2022-09-06,2,7,0.0117,3.1362,0.00407005235953656,0.454547812123021,0.0745961018484598,0.1223,-0.0477038981515402,"1~2","6~7",6.03063397573892,6.7542,-0.723566024261079
"87",0.0195239068804857,3.7583835525917,"Catfish",2022-09-06,2,8,0.0117,3.1362,0.00782390688048567,0.622183552591701,0.05931001373652,0.1223,-0.06298998626348,"1~2","7~8",5.88689940925085,6.7542,-0.867300590749147
"88",0.0132932118855531,3.45059967624259,"Catfish",2022-09-06,3,3,0.0117,3.1362,0.00159321188555305,0.314399676242588,0.0940857065603691,0.1223,-0.0282142934396309,"2~3","2~3",6.34983047428249,6.7542,-0.404369525717516
"89",0.0177064503416594,2.67043574503612,"Catfish",2022-09-06,3,4,0.0117,3.1362,0.00600645034165945,-0.465764254963879,0.193580979060482,0.1223,0.0712809790604818,"2~3","3~4",8.37519633889394,6.7542,1.62099633889394
"90",0.00639153315495225,2.58233913001515,"Catfish",2022-09-06,3,5,0.0117,3.1362,-0.00530846684504775,-0.553860869984852,0.0696328014682453,0.1223,-0.0526671985317547,"2~3","4~5",4.63499616484148,6.7542,-2.11920383515852
"91",0.01017851349596,2.88350210878469,"Catfish",2022-09-06,3,6,0.0117,3.1362,-0.00152148650404002,-0.252697891215306,0.0702470321842368,0.1223,-0.0520529678157632,"2~3","5~6",5.05499184215001,6.7542,-1.69920815784999
"92",0.00936398758466638,3.09050287946318,"Catfish",2022-09-06,3,7,0.0117,3.1362,-0.00233601241533363,-0.0456971205368246,0.0970557218371021,0.1223,-0.0252442781628979,"2~3","6~7",5.96383503385093,6.7542,-0.790364966149076
"93",0.0129348378882408,3.18119655325314,"Catfish",2022-09-06,3,8,0.0117,3.1362,0.0012348378882408,0.0449965532531418,0.0900182890631824,0.1223,-0.0322817109368176,"2~3","7~8",5.96093098094157,6.7542,-0.793269019058432
"94",0.018335786114095,2.559182959773,"Catfish",2022-09-06,4,4,0.0117,3.1362,0.00663578611409499,-0.577017040227004,0.228185491845955,0.1223,0.105885491845955,"3~4","3~4",9.21525746469435,6.7542,2.46105746469435
"95",0.00587677854733999,2.32550705598028,"Catfish",2022-09-06,4,5,0.0117,3.1362,-0.00582322145266001,-0.810692944019724,0.0924100070761805,0.1223,-0.0298899929238196,"3~4","4~5",4.97925026781533,6.7542,-1.77494973218467
"96",0.0108397074478328,2.54150559819937,"Catfish",2022-09-06,4,6,0.0117,3.1362,-0.000860292552167189,-0.594694401800633,0.108242896307974,0.1223,-0.0140571036920257,"3~4","5~6",5.75673589960616,6.7542,-0.997464100393842
"97",0.0103090691537594,2.65415827473404,"Catfish",2022-09-06,4,7,0.0117,3.1362,-0.00139093084624061,-0.48204172526596,0.154589960596528,0.1223,0.0322899605965285,"3~4","6~7",7.10643207799181,6.7542,0.352232077991811
"98",0.0153631969846179,2.63956110790101,"Catfish",2022-09-06,4,8,0.0117,3.1362,0.00366319698461788,-0.496638892098988,0.150030039390869,0.1223,0.0277300393908692,"3~4","7~8",7.10517849003916,6.7542,0.350978490039163
"99",0.00408251295412961,2.29185456545154,"Catfish",2022-09-06,5,5,0.0117,3.1362,-0.00761748704587039,-0.844345434548456,0.0737773468255468,0.1223,-0.0485226531744532,"4~5","4~5",4.39407077950281,6.7542,-2.36012922049719
"100",0.00772436339738271,2.503859598549,"Catfish",2022-09-06,5,6,0.0117,3.1362,-0.00397563660261729,-0.632340401450997,0.074145440985296,0.1223,-0.048154559014704,"4~5","5~6",4.71434431688133,6.7542,-2.03985568311867
"101",0.00494979878587925,2.60400922923915,"Catfish",2022-09-06,5,7,0.0117,3.1362,-0.00675020121412075,-0.532190770760852,0.127227922802821,0.1223,0.00492792280282141,"4~5","6~7",6.17280771213407,6.7542,-0.581392287865935
"102",0.00919463131287615,2.55852554731575,"Catfish",2022-09-06,5,8,0.0117,3.1362,-0.00250536868712385,-0.577674452684252,0.0996999662653583,0.1223,-0.0226000337346417,"4~5","7~8",5.49867968192808,6.7542,-1.25552031807192
"103",0.0082668245833086,2.53543818846319,"Catfish",2022-09-06,6,6,0.0117,3.1362,-0.0034331754166914,-0.600761811536805,0.057386420611241,0.1223,-0.064913579388759,"5~6","5~6",4.30807580871603,6.7542,-2.44612419128397
"104",0.00564928976636123,2.69060039674837,"Catfish",2022-09-06,6,7,0.0117,3.1362,-0.00605071023363877,-0.445599603251631,0.124170210794049,0.1223,0.00187021079404912,"5~6","6~7",6.19572691187945,6.7542,-0.558473088120552
"105",0.011309279906631,2.67516394197676,"Catfish",2022-09-06,6,8,0.0117,3.1362,-0.000390720093369042,-0.461036058023244,0.0820046015132379,0.1223,-0.0402953984867621,"5~6","7~8",5.19463874031322,6.7542,-1.55956125968679
"106",0.00525527540235487,2.71395677711797,"Catfish",2022-09-06,7,7,0.0117,3.1362,-0.00644472459764513,-0.422243222882026,0.106101397399877,0.1223,-0.0161986026001231,"6~7","6~7",5.72058694277823,6.7542,-1.03361305722177
"107",0.0114810546442492,2.72082061474607,"Catfish",2022-09-06,7,8,0.0117,3.1362,-0.000218945355750845,-0.41537938525393,0.0946691346865512,0.1223,-0.0276308653134489,"6~7","7~8",5.58687572667768,6.7542,-1.16732427332232
"108",0.0123236577023938,2.72174957325091,"Catfish",2022-09-06,8,8,0.0117,3.1362,0.000623657702393846,-0.414450426749086,0.110442807381854,0.1223,-0.011857192618146,"7~8","7~8",6.03644413052561,6.7542,-0.717755869474394
"109",0.0162621822726332,2.55573554894303,"Catfish",2022-09-18,1,1,0.0112,2.4247,0.00506218227263321,0.131035548943027,0.0177647250487807,0.0379,-0.0201352749512193,"0~1","0~1",3.4744620466212,3.7504,-0.275937953378798
"110",0.00699698322818372,2.96908827754666,"Catfish",2022-09-18,1,2,0.0112,2.4247,-0.00420301677181628,0.544388277546662,0.020241858130636,0.0379,-0.017658141869364,"0~1","1~2",3.70453699423479,3.7504,-0.0458630057652059
"111",0.00943278453588826,2.62931573689216,"Catfish",2022-09-18,1,3,0.0112,2.4247,-0.00176721546411174,0.204615736892162,0.0579161302817037,0.0379,0.0200161302817037,"0~1","2~3",4.44773643696715,3.7504,0.697336436967146
"112",0.0103912061995146,2.19645288811086,"Catfish",2022-09-18,1,4,0.0112,2.4247,-0.000808793800485373,-0.228247111889136,0.0348110587963394,0.0379,-0.00308894120366061,"0~1","3~4",3.41691404299892,3.7504,-0.333485957001078
"113",0.0154447266934372,2.30665207274666,"Catfish",2022-09-18,1,5,0.0112,2.4247,0.00424472669343725,-0.118047927253342,0.0197362537109362,0.0379,-0.0181637462890638,"0~1","4~5",3.25653854366474,3.7504,-0.49386145633526
"114",0.0134668394090812,2.28892125765211,"Catfish",2022-09-18,1,6,0.0112,2.4247,0.00226683940908123,-0.135778742347894,0.0273641832976813,0.0379,-0.0105358167023187,"0~1","5~6",3.3913588707347,3.7504,-0.359041129265305
"115",0.0166705952472619,2.46444828007971,"Catfish",2022-09-18,1,7,0.0112,2.4247,0.00547059524726191,0.0397482800797135,0.021250918226628,0.0379,-0.016649081773372,"0~1","6~7",3.48832914387474,3.7504,-0.262070856125259
"116",0.0147644954772881,2.56440129761456,"Catfish",2022-09-18,1,8,0.0112,2.4247,0.00356449547728814,0.139701297614564,0.0188530118377568,0.0379,-0.0190469881622433,"0~1","7~8",3.47207399512078,3.7504,-0.278326004879224
"117",0.00576000525590132,3.02427416374431,"Catfish",2022-09-18,2,2,0.0112,2.4247,-0.00543999474409868,0.599574163744307,0.0202097138985514,0.0379,-0.0176902861014486,"1~2","1~2",3.72545658091453,3.7504,-0.0249434190854698
"118",0.00713179307075476,2.69631678929978,"Catfish",2022-09-18,2,3,0.0112,2.4247,-0.00406820692924524,0.271616789299776,0.0669572297972434,0.0379,0.0290572297972434,"1~2","2~3",4.69672040673573,3.7504,0.946320406735725
"119",0.00674241105994315,2.2445535855333,"Catfish",2022-09-18,2,4,0.0112,2.4247,-0.00445758894005685,-0.180146414466701,0.0376940077166482,0.0379,-0.000205992283351795,"1~2","3~4",3.44433689250127,3.7504,-0.306063107498734
"120",0.0112984623984546,2.42510333082017,"Catfish",2022-09-18,2,5,0.0112,2.4247,9.84623984546032e-05,0.000403330820165859,0.0206495487936977,0.0379,-0.0172504512063023,"1~2","4~5",3.28769963300828,3.7504,-0.462700366991722
"121",0.00729470102139355,2.44213973610211,"Catfish",2022-09-18,2,6,0.0112,2.4247,-0.00390529897860645,0.0174397361021112,0.0344253588974902,0.0379,-0.00347464110250981,"1~2","5~6",3.56858135391197,3.7504,-0.181818646088027
"122",0.0102387791773458,2.71718667115722,"Catfish",2022-09-18,2,7,0.0112,2.4247,-0.000961220822654159,0.292486671157223,0.020404774666971,0.0379,-0.017495225333029,"1~2","6~7",3.54456262495378,3.7504,-0.205837375046222
"123",0.00523298816138581,2.93136451984544,"Catfish",2022-09-18,2,8,0.0112,2.4247,-0.00596701183861419,0.506664519845443,0.0158727324646026,0.0379,-0.0220272675353974,"1~2","7~8",3.50121897674713,3.7504,-0.24918102325287
"124",0.00731668261502008,2.65211469853694,"Catfish",2022-09-18,3,3,0.0112,2.4247,-0.00388331738497992,0.227414698536943,0.0691699244053987,0.0379,0.0312699244053987,"2~3","2~3",4.71725308808825,3.7504,0.96685308808825
"125",0.00709209282762911,2.07532871423183,"Catfish",2022-09-18,3,4,0.0112,2.4247,-0.00410790717237089,-0.349371285768175,0.0474402185118052,0.0379,0.00954021851180524,"2~3","3~4",3.54770112039655,3.7504,-0.202698879603447
"126",0.0127552346261494,2.21495776865099,"Catfish",2022-09-18,3,5,0.0112,2.4247,0.00155523462614936,-0.20974223134901,0.0311532300884551,0.0379,-0.0067467699115449,"2~3","4~5",3.40048631594531,3.7504,-0.349913684054689
"127",0.00826340436298199,2.15894079425796,"Catfish",2022-09-18,3,6,0.0112,2.4247,-0.00293659563701801,-0.265759205742036,0.0644663388322538,0.0379,0.0265663388322538,"2~3","5~6",4.12264386052933,3.7504,0.37224386052933
"128",0.012475756081102,2.42794700884549,"Catfish",2022-09-18,3,7,0.0112,2.4247,0.00127575608110199,0.00324700884548701,0.0609908269798631,0.0379,0.0230908269798631,"2~3","6~7",4.41154475149154,3.7504,0.661144751491545
"129",0.0059724577250682,2.6440928019268,"Catfish",2022-09-18,3,8,0.0112,2.4247,-0.0052275422749318,0.219392801926795,0.0450957895407024,0.0379,0.0071957895407024,"2~3","7~8",4.0229354781026,3.7504,0.272535478102601
"130",0.00705987487940303,1.99258736968652,"Catfish",2022-09-18,4,4,0.0112,2.4247,-0.00414012512059697,-0.432112630313477,0.0371112441283078,0.0379,-0.0007887558716922,"3~4","3~4",3.18520758289472,3.7504,-0.565192417105284
"131",0.0136406291205912,2.05370798801439,"Catfish",2022-09-18,4,5,0.0112,2.4247,0.00244062912059116,-0.370992011985608,0.0237255208238417,0.0379,-0.0141744791761583,"3~4","4~5",3.06259403651408,3.7504,-0.68780596348592
"132",0.00838992721768224,1.88642438751259,"Catfish",2022-09-18,4,6,0.0112,2.4247,-0.00281007278231776,-0.53827561248741,0.0487040597702408,0.0379,0.0108040597702408,"3~4","5~6",3.42796203618651,3.7504,-0.322437963813487
"133",0.0137024468160077,2.11548899535295,"Catfish",2022-09-18,4,7,0.0112,2.4247,0.00250244681600767,-0.309211004647051,0.0348616302512905,0.0379,-0.00303836974870948,"3~4","6~7",3.42671907617,3.7504,-0.32368092383
"134",0.00536254791437259,2.29800134634179,"Catfish",2022-09-18,4,8,0.0112,2.4247,-0.00583745208562741,-0.12669865365821,0.0261612937817606,0.0379,-0.0117387062182394,"3~4","7~8",3.14914507213739,3.7504,-0.601254927862613
"135",0.0146452223142443,2.06303843174678,"Catfish",2022-09-18,5,5,0.0112,2.4247,0.00344522231424432,-0.361661568253224,0.0262223723777044,0.0379,-0.0116776276222956,"4~5","4~5",3.16646348842939,3.7504,-0.583936511570609
"136",0.00959903030757057,1.876430722577,"Catfish",2022-09-18,5,6,0.0112,2.4247,-0.00160096969242943,-0.548269277423003,0.0418962090368581,0.0379,0.00399620903685812,"4~5","5~6",3.26680218487657,3.7504,-0.483597815123428
"137",0.0170626131584275,2.15990842644989,"Catfish",2022-09-18,5,7,0.0112,2.4247,0.00586261315842747,-0.264791573550114,0.0243324108559004,0.0379,-0.0135675891440996,"4~5","6~7",3.27757407483674,3.7504,-0.47282592516326
"138",0.00783697650098043,2.40968355595425,"Catfish",2022-09-18,5,8,0.0112,2.4247,-0.00336302349901957,-0.0150164440457492,0.0136980379337355,0.0379,-0.0242019620662645,"4~5","7~8",2.99112894569158,3.7504,-0.759271054308418
"139",0.0088583078709793,1.84903887604398,"Catfish",2022-09-18,6,6,0.0112,2.4247,-0.0023416921290207,-0.575661123956022,0.0586350782639199,0.0379,0.0207350782639199,"5~6","5~6",3.67136030168626,3.7504,-0.0790396983137436
"140",0.0167484102471379,2.1495717631098,"Catfish",2022-09-18,6,7,0.0112,2.4247,0.00554841024713788,-0.275128236890203,0.0288664864700329,0.0379,-0.00903351352996711,"5~6","6~7",3.38117397447341,3.7504,-0.369226025526592
"141",0.00490836287783248,2.4265434190497,"Catfish",2022-09-18,6,8,0.0112,2.4247,-0.00629163712216752,0.00184341904969809,0.0243484994491191,0.0379,-0.0135515005508809,"5~6","7~8",3.21647870187739,3.7504,-0.533921298122608
"142",0.0178855496378487,2.19288524217431,"Catfish",2022-09-18,7,7,0.0112,2.4247,0.00668554963784866,-0.231814757825694,0.0236611859031988,0.0379,-0.0142388140968012,"6~7","6~7",3.31464710178259,3.7504,-0.435752898217411
"143",0.00544599658569484,2.57094092598109,"Catfish",2022-09-18,7,8,0.0112,2.4247,-0.00575400341430516,0.146240925981091,0.0179160398797544,0.0379,-0.0199839601202456,"6~7","7~8",3.20171591054822,3.7504,-0.54868408945178
"144",0.00352047759793466,2.62946018262549,"Catfish",2022-09-18,8,8,0.0112,2.4247,-0.00767952240206534,0.204760182625491,0.0175465618312902,0.0379,-0.0203534381687098,"7~8","7~8",3.19827024721456,3.7504,-0.552129752785437
"145",0.402215542730033,-3.97664969383903,"Pick",2022-09-13,1,1,0.2949,3.6217,0.107315542730033,-7.59834969383903,0.333116237197859,0.2294,0.103716237197859,"0~1","0~1",15.8773083642141,17.7778,-1.90049163578595
"146",0.421818436347103,1.5820380300013,"Pick",2022-09-13,1,2,0.2949,3.6217,0.126918436347103,-2.0396619699987,0.23614151857905,0.2294,0.00674151857904975,"0~1","1~2",19.3469568130074,17.7778,1.56915681300744
"147",0.267106211245428,0.2491596630781,"Pick",2022-09-13,1,3,0.2949,3.6217,-0.0277937887545722,-3.3725403369219,0.179021568159233,0.2294,-0.0503784318407674,"0~1","2~3",12.2946097070039,17.7778,-5.48319029299607
"148",0.267802512737119,2.27701966413223,"Pick",2022-09-13,1,4,0.2949,3.6217,-0.0270974872628812,-1.34468033586777,0.211268977179666,0.2294,-0.0181310228203338,"0~1","3~4",15.2119498918854,17.7778,-2.56585010811457
"149",0.294367233909508,1.63217916722832,"Pick",2022-09-13,1,5,0.2949,3.6217,-0.000532766090492243,-1.98952083277168,0.237637410101309,0.2294,0.00823741010130924,"0~1","4~5",15.9963045555204,17.7778,-1.78149544447962
"150",0.34088208521914,0.196892579243333,"Pick",2022-09-13,1,6,0.2949,3.6217,0.0459820852191399,-3.42480742075667,0.298988501000359,0.2294,0.0695885010003588,"0~1","5~6",17.4733984071698,17.7778,-0.304401592830203
"151",0.384195570229681,-0.696766080108124,"Pick",2022-09-13,1,7,0.2949,3.6217,0.0892955702296807,-4.31846608010812,0.319880424229913,0.2294,0.090480424229913,"0~1","6~7",18.3132857703009,17.7778,0.535485770300905
"152",0.388481323292,-2.8494398221223,"Pick",2022-09-13,1,8,0.2949,3.6217,0.093581323292,-6.4711398221223,0.39826032253039,0.2294,0.16886032253039,"0~1","7~8",18.3925846150822,17.7778,0.614784615082229
"153",0.42394318569623,2.18454184162961,"Pick",2022-09-13,2,2,0.2949,3.6217,0.12904318569623,-1.43715815837039,0.235026339632741,0.2294,0.00562633963274053,"1~2","1~2",19.9767190255118,17.7778,2.19891902551182
"154",0.252817844866795,1.62223026191359,"Pick",2022-09-13,2,3,0.2949,3.6217,-0.0420821551332053,-1.99946973808641,0.166241862361815,0.2294,-0.0631581376381847,"1~2","2~3",12.9368423570861,17.7778,-4.84095764291394
"155",0.252993521939455,4.82431842708217,"Pick",2022-09-13,2,4,0.2949,3.6217,-0.0419064780605454,1.20261842708217,0.192325671467777,0.2294,-0.037074328532223,"1~2","3~4",16.8479366490774,17.7778,-0.929863350922574
"156",0.282482080133256,4.99725743696634,"Pick",2022-09-13,2,5,0.2949,3.6217,-0.012417919866744,1.37555743696634,0.194470160020284,0.2294,-0.034929839979716,"1~2","4~5",17.8749679211119,17.7778,0.0971679211119181
"157",0.336644378573979,4.39310382530763,"Pick",2022-09-13,2,6,0.2949,3.6217,0.0417443785739794,0.771403825307632,0.12498771205059,0.2294,-0.10441228794941,"1~2","5~6",16.857170272171,17.7778,-0.920629727828988
"158",0.391404154961076,4.39171033985171,"Pick",2022-09-13,2,7,0.2949,3.6217,0.0965041549610758,0.770010339851709,0.19799887723378,0.2294,-0.0314011227662205,"1~2","6~7",20.3055922091128,17.7778,2.5277922091128
"159",0.395088747757918,2.72029977907235,"Pick",2022-09-13,2,8,0.2949,3.6217,0.100188747757918,-0.901400220927653,0.197667435886166,0.2294,-0.0317325641138337,"1~2","7~8",18.7247167374626,17.7778,0.946916737462629
"160",0.226021098893913,1.53417713964528,"Pick",2022-09-13,3,3,0.2949,3.6217,-0.0688789011060875,-2.08752286035472,0.167704623808666,0.2294,-0.0616953761913344,"2~3","2~3",12.1647716526149,17.7778,-5.61302834738511
"161",0.197269321265074,5.22624881207682,"Pick",2022-09-13,3,4,0.2949,3.6217,-0.0976306787349258,1.60454881207682,0.175604925604392,0.2294,-0.0537950743956081,"2~3","3~4",15.2938534775524,17.7778,-2.4839465224476
"162",0.203980943909933,5.45130088051193,"Pick",2022-09-13,3,5,0.2949,3.6217,-0.0909190560900667,1.82960088051193,0.158022484947579,0.2294,-0.071377515052421,"2~3","4~5",15.2253934596648,17.7778,-2.55240654033524
"163",0.238003814649552,4.76062189293215,"Pick",2022-09-13,3,6,0.2949,3.6217,-0.0568961853504477,1.13892189293215,0.100656591922514,0.2294,-0.128743408077486,"2~3","5~6",13.904452870378,17.7778,-3.87334712962205
"164",0.280976963782518,4.88189168548721,"Pick",2022-09-13,3,7,0.2949,3.6217,-0.0139230362174824,1.26019168548721,0.159440358931834,0.2294,-0.069959641068166,"2~3","6~7",16.7731593987747,17.7778,-1.0046406012253
"165",0.25267770046963,2.62247944695324,"Pick",2022-09-13,3,8,0.2949,3.6217,-0.0422222995303697,-0.999220553046759,0.165245984300932,0.2294,-0.064154015699068,"2~3","7~8",13.9064189357584,17.7778,-3.87138106424158
"166",0.193210251490086,5.74748185464268,"Pick",2022-09-13,4,4,0.2949,3.6217,-0.101689748509914,2.12578185464268,0.186816840465131,0.2294,-0.0425831595348688,"3~4","3~4",16.0082133374335,17.7778,-1.76958666256645
"167",0.19652660795995,6.58576849089226,"Pick",2022-09-13,4,5,0.2949,3.6217,-0.0983733920400503,2.96406849089226,0.177541850125638,0.2294,-0.0518581498743621,"3~4","4~5",16.6856168592031,17.7778,-1.09218314079687
"168",0.232097895072997,6.46392730378636,"Pick",2022-09-13,4,6,0.2949,3.6217,-0.0628021049270025,2.84222730378636,0.0988556883148587,0.2294,-0.130544311685141,"3~4","5~6",15.3996740552585,17.7778,-2.37812594474152
"169",0.28224331133987,7.27995463311883,"Pick",2022-09-13,4,7,0.2949,3.6217,-0.0126566886601296,3.65825463311883,0.179107352096276,0.2294,-0.0502926479037243,"3~4","6~7",19.7364225458948,17.7778,1.95862254589478
"170",0.244945218729169,5.14010793047934,"Pick",2022-09-13,4,8,0.2949,3.6217,-0.0499547812708312,1.51840793047934,0.215351517985705,0.2294,-0.0140484820142946,"3~4","7~8",17.5681198217809,17.7778,-0.20968017821906
"171",0.196968807255037,6.69754470162211,"Pick",2022-09-13,5,5,0.2949,3.6217,-0.0979311927449628,3.07584470162211,0.171957158639351,0.2294,-0.0574428413606494,"4~5","4~5",16.6585457807706,17.7778,-1.11925421922941
"172",0.238724399883671,6.70471523395987,"Pick",2022-09-13,5,6,0.2949,3.6217,-0.0561756001163293,3.08301523395987,0.0933406232787722,0.2294,-0.136059376721228,"4~5","5~6",15.6704708593458,17.7778,-2.10732914065417
"173",0.29992816741615,7.81097805663622,"Pick",2022-09-13,5,7,0.2949,3.6217,0.00502816741614959,4.18927805663622,0.158196072288598,0.2294,-0.0712039277114024,"4~5","6~7",20.1803325286644,17.7778,2.40253252866439
"174",0.258848830173103,5.3671900327088,"Pick",2022-09-13,5,8,0.2949,3.6217,-0.036051169826897,1.7454900327088,0.204815600188896,0.2294,-0.0245843998111036,"4~5","7~8",17.8861296524828,17.7778,0.108329652482791
"175",0.245228144446589,6.70583209778024,"Pick",2022-09-13,6,6,0.2949,3.6217,-0.0496718555534105,3.08413209778024,0.0591375220596535,0.2294,-0.170262477940346,"5~6","5~6",14.9237050934488,17.7778,-2.8540949065512
"176",0.324426172766119,8.01365824485734,"Pick",2022-09-13,6,7,0.2949,3.6217,0.0295261727661195,4.39195824485734,0.0915352545494772,0.2294,-0.137864745450523,"5~6","6~7",19.2446167823785,17.7778,1.46681678237845
"177",0.28502083378575,5.07415819614619,"Pick",2022-09-13,6,8,0.2949,3.6217,-0.00987916621425,1.45245819614619,0.177234668455625,0.2294,-0.0521653315443747,"5~6","7~8",17.5550567566633,17.7778,-0.222743243336676
"178",0.33534876187061,8.19402697281353,"Pick",2022-09-13,7,7,0.2949,3.6217,0.0404487618706098,4.57232697281353,0.114324946131762,0.2294,-0.115075053868238,"6~7","6~7",20.3352170888776,17.7778,2.55741708887756
"179",0.303832059030653,5.01102761172178,"Pick",2022-09-13,7,8,0.2949,3.6217,0.00893205903065331,1.38932761172178,0.169346316545762,0.2294,-0.0600536834542383,"6~7","7~8",17.786843752285,17.7778,0.00904375228498466
"180",0.298844596613725,4.50732359905378,"Pick",2022-09-13,8,8,0.2949,3.6217,0.00394459661372532,0.885623599053785,0.183159310594029,0.2294,-0.0462406894059705,"7~8","7~8",17.5214290936632,17.7778,-0.256370906336834
"181",0.011331654785023,-0.0681195967875842,"Sister3",2022-08-22,1,1,0.0114,-0.0744,-6.8345214976966e-05,0.00628040321241582,0.056634287749362,0.0692,-0.012565712250638,"0~1","0~1",1.76696085164081,2.1018,-0.334839148359189
"182",0.00979507031358516,-0.084991762291283,"Sister3",2022-08-22,1,2,0.0114,-0.0744,-0.00160492968641484,-0.010591762291283,0.0126809325712145,0.0692,-0.0565190674287855,"0~1","1~2",0.521860315598307,2.1018,-1.57993968440169
"183",0.0111687772808764,-0.226341483190988,"Sister3",2022-08-22,1,3,0.0114,-0.0744,-0.000231222719123582,-0.151941483190988,0.0656929666350239,0.0692,-0.00350703336497614,"0~1","2~3",1.84892560253832,2.1018,-0.25287439746168
"184",0.0146163725935329,-0.422434900994673,"Sister3",2022-08-22,1,4,0.0114,-0.0744,0.0032163725935329,-0.348034900994673,0.0604631001724163,0.0692,-0.00873689982758373,"0~1","3~4",1.60471086368595,2.1018,-0.497089136314045
"185",0.012664909318548,-0.229735962864594,"Sister3",2022-08-22,1,5,0.0114,-0.0744,0.00126490931854802,-0.155335962864594,0.057842363234446,0.0692,-0.011357636765554,"0~1","4~5",1.67396039606625,2.1018,-0.427839603933754
"186",0.0103669367852865,-0.023899752088008,"Sister3",2022-08-22,1,6,0.0114,-0.0744,-0.00103306321471349,0.050500247911992,0.0524806659573432,0.0692,-0.0167193340426568,"0~1","5~6",1.67298552196299,2.1018,-0.428814478037006
"187",0.0110250943806385,0.00920833484693068,"Sister3",2022-08-22,1,7,0.0114,-0.0744,-0.000374905619361546,0.0836083348469307,0.040384167187576,0.0692,-0.028815832812424,"0~1","6~7",1.39725839718872,2.1018,-0.70454160281128
"188",0.0109790139106605,0.0071307604771454,"Sister3",2022-08-22,1,8,0.0114,-0.0744,-0.00042098608933951,0.0815307604771454,0.0417702757189242,0.0692,-0.0274297242810758,"0~1","7~8",1.43136158047593,2.1018,-0.670438419524068
"189",0.0096422016794121,-0.0866703064546759,"Sister3",2022-08-22,2,2,0.0114,-0.0744,-0.0017577983205879,-0.0122703064546759,0.0107603658387585,0.0692,-0.0584396341612415,"1~2","1~2",0.46419901653593,2.1018,-1.63760098346407
"190",0.0109346097114085,-0.247011904948595,"Sister3",2022-08-22,2,3,0.0114,-0.0744,-0.000465390288591537,-0.172611904948595,0.0829796103489864,0.0692,0.0137796103489864,"1~2","2~3",2.28867203668207,2.1018,0.186872036682067
"191",0.0146526443849365,-0.47496483231248,"Sister3",2022-08-22,2,4,0.0114,-0.0744,0.00325264438493649,-0.40056483231248,0.0596110853798221,0.0692,-0.00958891462017785,"1~2","3~4",1.530155871336,2.1018,-0.571644128663997
"192",0.0122792094413087,-0.262872779204194,"Sister3",2022-08-22,2,5,0.0114,-0.0744,0.000879209441308725,-0.188472779204194,0.0523613253249493,0.0692,-0.0168386746750507,"1~2","4~5",1.48242165948477,2.1018,-0.619378340515228
"193",0.00933122566985454,-0.0234523362243687,"Sister3",2022-08-22,2,6,0.0114,-0.0744,-0.00206877433014546,0.0509476637756313,0.0503314269187972,0.0692,-0.0188685730812028,"1~2","5~6",1.58743928366923,2.1018,-0.514360716330772
"194",0.00987067393353124,0.0222406609534725,"Sister3",2022-08-22,2,7,0.0114,-0.0744,-0.00152932606646876,0.0966406609534725,0.0201925548470165,0.0692,-0.0490074451529835,"1~2","6~7",0.833947838028261,2.1018,-1.26785216197174
"195",0.00952631959774816,0.0347063418518147,"Sister3",2022-08-22,2,8,0.0114,-0.0744,-0.00187368040225184,0.109106341851815,0.0283681062233161,0.0692,-0.0408318937766839,"1~2","7~8",1.05785583902055,2.1018,-1.04394416097945
"196",0.0111233887672321,-0.270432631858025,"Sister3",2022-08-22,3,3,0.0114,-0.0744,-0.000276611232767862,-0.196032631858025,0.0881254060812117,0.0692,0.0189254060812117,"2~3","2~3",2.40928482904996,2.1018,0.307484829049959
"197",0.0156651190209258,-0.561338736864022,"Sister3",2022-08-22,3,4,0.0114,-0.0744,0.00426511902092584,-0.486938736864022,0.0753440803289783,0.0692,0.00614408032897827,"2~3","3~4",1.89590964558339,2.1018,-0.205890354416611
"198",0.0131435163361484,-0.340148155841465,"Sister3",2022-08-22,3,5,0.0114,-0.0744,0.00174351633614839,-0.265748155841465,0.0567546844407253,0.0692,-0.0124453155592747,"2~3","4~5",1.54710326513412,2.1018,-0.554696734865875
"199",0.00979039367312283,-0.0742628658879689,"Sister3",2022-08-22,3,6,0.0114,-0.0744,-0.00160960632687717,0.000137134112031104,0.0824585675336524,0.0692,0.0132585675336524,"2~3","5~6",2.41645908669496,2.1018,0.314659086694962
"200",0.0106861327536899,-0.0322170166390927,"Sister3",2022-08-22,3,7,0.0114,-0.0744,-0.000713867246310094,0.0421829833609073,0.0656034909232869,0.0692,-0.00359650907671313,"2~3","6~7",2.02760282263928,2.1018,-0.0741971773607197
"201",0.0103831491338389,-0.018108912196739,"Sister3",2022-08-22,3,8,0.0114,-0.0744,-0.00101685086616114,0.056291087803261,0.0897986358862401,0.0692,0.0205986358862401,"2~3","7~8",2.68679928334539,2.1018,0.584999283345394
"202",0.0162534399450061,-0.599021764907912,"Sister3",2022-08-22,4,4,0.0114,-0.0744,0.00485343994500611,-0.524621764907912,0.0633971928531649,0.0692,-0.00580280714683508,"3~4","3~4",1.55154532064271,2.1018,-0.550254679357294
"203",0.0140373653566182,-0.388509767217379,"Sister3",2022-08-22,4,5,0.0114,-0.0744,0.00263736535661821,-0.314109767217379,0.0516436244342179,0.0692,-0.0175563755657821,"3~4","4~5",1.38487695713519,2.1018,-0.716923042864805
"204",0.0108217222412195,-0.120392567073186,"Sister3",2022-08-22,4,6,0.0114,-0.0744,-0.000578277758780485,-0.0459925670731856,0.0520441965781293,0.0692,-0.0171558034218707,"3~4","5~6",1.57698724104923,2.1018,-0.524812758950767
"205",0.0125529298803888,-0.103762163401701,"Sister3",2022-08-22,4,7,0.0114,-0.0744,0.00115292988038877,-0.0293621634017008,0.0446994123694152,0.0692,-0.0245005876305848,"3~4","6~7",1.44205107734301,2.1018,-0.659748922656993
"206",0.0127410742181618,-0.107688752929813,"Sister3",2022-08-22,4,8,0.0114,-0.0744,0.00134107421816176,-0.0332887529298135,0.0696698238788006,0.0692,0.00046982387880061,"3~4","7~8",2.11740549568817,2.1018,0.0156054956881704
"207",0.0137477872840082,-0.361001821919897,"Sister3",2022-08-22,5,5,0.0114,-0.0744,0.00234778728400816,-0.286601821919897,0.0388771350897821,0.0692,-0.0303228649102179,"4~5","4~5",1.05987108217244,2.1018,-1.04192891782756
"208",0.00965594009461004,-0.0153891126253522,"Sister3",2022-08-22,5,6,0.0114,-0.0744,-0.00174405990538996,0.0590108873746478,0.0680456089729876,0.0692,-0.0011543910270124,"4~5","5~6",2.08255271219978,2.1018,-0.0192472878002157
"209",0.0111883667498859,0.0528012835225903,"Sister3",2022-08-22,5,7,0.0114,-0.0744,-0.000211633250114144,0.12720128352259,0.0408711099721903,0.0692,-0.0283288900278097,"4~5","6~7",1.45840715501865,2.1018,-0.643392844981355
"210",0.0109539680290348,0.0987335619895601,"Sister3",2022-08-22,5,8,0.0114,-0.0744,-0.000446031970965169,0.17313356198956,0.0848761517711621,0.0692,0.0156761517711621,"4~5","7~8",2.68614679659488,2.1018,0.584346796594877
"211",0.00903255308397271,0.03726448456753,"Sister3",2022-08-22,6,6,0.0114,-0.0744,-0.00236744691602729,0.11166448456753,0.0780421396872305,0.0692,0.00884213968723048,"5~6","5~6",2.38828118939002,2.1018,0.286481189390016
"212",0.0100868918133039,0.181519293487363,"Sister3",2022-08-22,6,7,0.0114,-0.0744,-0.00131310818669607,0.255919293487363,0.0571958101394362,0.0692,-0.0120041898605638,"5~6","6~7",1.99815224621135,2.1018,-0.103647753788654
"213",0.00914811884369797,0.299547051346119,"Sister3",2022-08-22,6,8,0.0114,-0.0744,-0.00225188115630203,0.373947051346119,0.0657259998686008,0.0692,-0.00347400013139922,"5~6","7~8",2.32114825657818,2.1018,0.219348256578185
"214",0.0102522752758405,0.204147087689561,"Sister3",2022-08-22,7,7,0.0114,-0.0744,-0.00114772472415949,0.278547087689561,0.0437375514054663,0.0692,-0.0254624485945337,"6~7","6~7",1.66187240808484,2.1018,-0.439927591915155
"215",0.00931495358823221,0.367238987576423,"Sister3",2022-08-22,7,8,0.0114,-0.0744,-0.00208504641176779,0.441638987576423,0.048052688314305,0.0692,-0.021147311685695,"6~7","7~8",1.91616531894493,2.1018,-0.185634681055071
"216",0.00918770092656421,0.389380669169271,"Sister3",2022-08-22,8,8,0.0114,-0.0744,-0.00221229907343579,0.463780669169271,0.0894590419267857,0.0692,0.0202590419267857,"7~8","7~8",3.05284272620972,2.1018,0.951042726209718
